subject,filename,onset_frame,apex_frame,offset_frame,onset_frame_path,apex_frame_path,offset_frame_path,optical_flow_path
sub0008,sub0008_01,0,95,195,dfme_testA/sub0008_01/00000.png,dfme_testA/sub0008_01/00095.png,dfme_testA/sub0008_01/00195.png,optical_flow/dfme_testA/apex/dfme_testA_apex_00000.jpg
sub0008,sub0008_02,0,97,199,dfme_testA/sub0008_02/00000.png,dfme_testA/sub0008_02/00097.png,dfme_testA/sub0008_02/00199.png,optical_flow/dfme_testA/apex/dfme_testA_apex_00001.jpg
sub0008,sub0008_03,0,102,209,dfme_testA/sub0008_03/00000.png,dfme_testA/sub0008_03/00102.png,dfme_testA/sub0008_03/00209.png,optical_flow/dfme_testA/apex/dfme_testA_apex_00002.jpg
sub0008,sub0008_04,0,87,179,dfme_testA/sub0008_04/00000.png,dfme_testA/sub0008_04/00087.png,dfme_testA/sub0008_04/00179.png,optical_flow/dfme_testA/apex/dfme_testA_apex_00003.jpg
sub0008,sub0008_05,22,131,244,dfme_testA/sub0008_05/00022.png,dfme_testA/sub0008_05/00131.png,dfme_testA/sub0008_05/00244.png,optical_flow/dfme_testA/apex/dfme_testA_apex_00004.jpg
sub0008,sub0008_06,49,138,232,dfme_testA/sub0008_06/00049.png,dfme_testA/sub0008_06/00138.png,dfme_testA/sub0008_06/00232.png,optical_flow/dfme_testA/apex/dfme_testA_apex_00005.jpg
sub0008,sub0008_07,0,97,199,dfme_testA/sub0008_07/00000.png,dfme_testA/sub0008_07/00097.png,dfme_testA/sub0008_07/00199.png,optical_flow/dfme_testA/apex/dfme_testA_apex_00006.jpg
sub0008,sub0008_08,0,121,246,dfme_testA/sub0008_08/00000.png,dfme_testA/sub0008_08/00121.png,dfme_testA/sub0008_08/00246.png,optical_flow/dfme_testA/apex/dfme_testA_apex_00007.jpg
sub0008,sub0008_09,0,94,192,dfme_testA/sub0008_09/00000.png,dfme_testA/sub0008_09/00094.png,dfme_testA/sub0008_09/00192.png,optical_flow/dfme_testA/apex/dfme_testA_apex_00008.jpg
sub0008,sub0008_10,25,133,246,dfme_testA/sub0008_10/00025.png,dfme_testA/sub0008_10/00133.png,dfme_testA/sub0008_10/00246.png,optical_flow/dfme_testA/apex/dfme_testA_apex_00009.jpg
sub0581,sub0581_01,0,35,74,dfme_testA/sub0581_01/00000.png,dfme_testA/sub0581_01/00035.png,dfme_testA/sub0581_01/00074.png,optical_flow/dfme_testA/apex/dfme_testA_apex_00010.jpg
sub0581,sub0581_02,0,76,156,dfme_testA/sub0581_02/00000.png,dfme_testA/sub0581_02/00076.png,dfme_testA/sub0581_02/00156.png,optical_flow/dfme_testA/apex/dfme_testA_apex_00011.jpg
sub0581,sub0581_03,0,39,82,dfme_testA/sub0581_03/00000.png,dfme_testA/sub0581_03/00039.png,dfme_testA/sub0581_03/00082.png,optical_flow/dfme_testA/apex/dfme_testA_apex_00012.jpg
sub0581,sub0581_04,20,54,92,dfme_testA/sub0581_04/00020.png,dfme_testA/sub0581_04/00054.png,dfme_testA/sub0581_04/00092.png,optical_flow/dfme_testA/apex/dfme_testA_apex_00013.jpg
sub0581,sub0581_05,113,156,204,dfme_testA/sub0581_05/00113.png,dfme_testA/sub0581_05/00156.png,dfme_testA/sub0581_05/00204.png,optical_flow/dfme_testA/apex/dfme_testA_apex_00014.jpg
sub0581,sub0581_06,0,122,249,dfme_testA/sub0581_06/00000.png,dfme_testA/sub0581_06/00122.png,dfme_testA/sub0581_06/00249.png,optical_flow/dfme_testA/apex/dfme_testA_apex_00015.jpg
sub0581,sub0581_07,0,100,205,dfme_testA/sub0581_07/00000.png,dfme_testA/sub0581_07/00100.png,dfme_testA/sub0581_07/00205.png,optical_flow/dfme_testA/apex/dfme_testA_apex_00016.jpg
sub0581,sub0581_08,70,171,277,dfme_testA/sub0581_08/00070.png,dfme_testA/sub0581_08/00171.png,dfme_testA/sub0581_08/00277.png,optical_flow/dfme_testA/apex/dfme_testA_apex_00017.jpg
sub0581,sub0581_09,25,101,181,dfme_testA/sub0581_09/00025.png,dfme_testA/sub0581_09/00101.png,dfme_testA/sub0581_09/00181.png,optical_flow/dfme_testA/apex/dfme_testA_apex_00018.jpg
sub0582,sub0582_01,116,153,194,dfme_testA/sub0582_01/00116.png,dfme_testA/sub0582_01/00153.png,dfme_testA/sub0582_01/00194.png,optical_flow/dfme_testA/apex/dfme_testA_apex_00019.jpg
sub0582,sub0582_02,20,111,206,dfme_testA/sub0582_02/00020.png,dfme_testA/sub0582_02/00111.png,dfme_testA/sub0582_02/00206.png,optical_flow/dfme_testA/apex/dfme_testA_apex_00020.jpg
sub0582,sub0582_03,26,133,244,dfme_testA/sub0582_03/00026.png,dfme_testA/sub0582_03/00133.png,dfme_testA/sub0582_03/00244.png,optical_flow/dfme_testA/apex/dfme_testA_apex_00021.jpg
sub0582,sub0582_04,90,138,190,dfme_testA/sub0582_04/00090.png,dfme_testA/sub0582_04/00138.png,dfme_testA/sub0582_04/00190.png,optical_flow/dfme_testA/apex/dfme_testA_apex_00022.jpg
sub0582,sub0582_05,0,105,214,dfme_testA/sub0582_05/00000.png,dfme_testA/sub0582_05/00105.png,dfme_testA/sub0582_05/00214.png,optical_flow/dfme_testA/apex/dfme_testA_apex_00023.jpg
sub0582,sub0582_06,75,154,238,dfme_testA/sub0582_06/00075.png,dfme_testA/sub0582_06/00154.png,dfme_testA/sub0582_06/00238.png,optical_flow/dfme_testA/apex/dfme_testA_apex_00024.jpg
sub0582,sub0582_07,0,82,169,dfme_testA/sub0582_07/00000.png,dfme_testA/sub0582_07/00082.png,dfme_testA/sub0582_07/00169.png,optical_flow/dfme_testA/apex/dfme_testA_apex_00025.jpg
sub0582,sub0582_08,0,98,200,dfme_testA/sub0582_08/00000.png,dfme_testA/sub0582_08/00098.png,dfme_testA/sub0582_08/00200.png,optical_flow/dfme_testA/apex/dfme_testA_apex_00026.jpg
sub0582,sub0582_09,5,125,249,dfme_testA/sub0582_09/00005.png,dfme_testA/sub0582_09/00125.png,dfme_testA/sub0582_09/00249.png,optical_flow/dfme_testA/apex/dfme_testA_apex_00027.jpg
sub0582,sub0582_10,12,91,174,dfme_testA/sub0582_10/00012.png,dfme_testA/sub0582_10/00091.png,dfme_testA/sub0582_10/00174.png,optical_flow/dfme_testA/apex/dfme_testA_apex_00028.jpg
sub0582,sub0582_11,0,119,242,dfme_testA/sub0582_11/00000.png,dfme_testA/sub0582_11/00119.png,dfme_testA/sub0582_11/00242.png,optical_flow/dfme_testA/apex/dfme_testA_apex_00029.jpg
sub0582,sub0582_12,0,118,240,dfme_testA/sub0582_12/00000.png,dfme_testA/sub0582_12/00118.png,dfme_testA/sub0582_12/00240.png,optical_flow/dfme_testA/apex/dfme_testA_apex_00030.jpg
sub0583,sub0583_01,0,113,230,dfme_testA/sub0583_01/00000.png,dfme_testA/sub0583_01/00113.png,dfme_testA/sub0583_01/00230.png,optical_flow/dfme_testA/apex/dfme_testA_apex_00031.jpg
sub0583,sub0583_02,40,142,249,dfme_testA/sub0583_02/00040.png,dfme_testA/sub0583_02/00142.png,dfme_testA/sub0583_02/00249.png,optical_flow/dfme_testA/apex/dfme_testA_apex_00032.jpg
sub0583,sub0583_03,0,118,241,dfme_testA/sub0583_03/00000.png,dfme_testA/sub0583_03/00118.png,dfme_testA/sub0583_03/00241.png,optical_flow/dfme_testA/apex/dfme_testA_apex_00033.jpg
sub0583,sub0583_04,26,130,238,dfme_testA/sub0583_04/00026.png,dfme_testA/sub0583_04/00130.png,dfme_testA/sub0583_04/00238.png,optical_flow/dfme_testA/apex/dfme_testA_apex_00034.jpg
sub0583,sub0583_05,0,97,199,dfme_testA/sub0583_05/00000.png,dfme_testA/sub0583_05/00097.png,dfme_testA/sub0583_05/00199.png,optical_flow/dfme_testA/apex/dfme_testA_apex_00035.jpg
sub0583,sub0583_06,0,81,166,dfme_testA/sub0583_06/00000.png,dfme_testA/sub0583_06/00081.png,dfme_testA/sub0583_06/00166.png,optical_flow/dfme_testA/apex/dfme_testA_apex_00036.jpg
sub0583,sub0583_07,0,96,196,dfme_testA/sub0583_07/00000.png,dfme_testA/sub0583_07/00096.png,dfme_testA/sub0583_07/00196.png,optical_flow/dfme_testA/apex/dfme_testA_apex_00037.jpg
sub0583,sub0583_08,19,131,247,dfme_testA/sub0583_08/00019.png,dfme_testA/sub0583_08/00131.png,dfme_testA/sub0583_08/00247.png,optical_flow/dfme_testA/apex/dfme_testA_apex_00038.jpg
sub0583,sub0583_09,15,130,249,dfme_testA/sub0583_09/00015.png,dfme_testA/sub0583_09/00130.png,dfme_testA/sub0583_09/00249.png,optical_flow/dfme_testA/apex/dfme_testA_apex_00039.jpg
sub0583,sub0583_10,0,89,183,dfme_testA/sub0583_10/00000.png,dfme_testA/sub0583_10/00089.png,dfme_testA/sub0583_10/00183.png,optical_flow/dfme_testA/apex/dfme_testA_apex_00040.jpg
sub0583,sub0583_11,0,62,129,dfme_testA/sub0583_11/00000.png,dfme_testA/sub0583_11/00062.png,dfme_testA/sub0583_11/00129.png,optical_flow/dfme_testA/apex/dfme_testA_apex_00041.jpg
sub0583,sub0583_12,5,125,249,dfme_testA/sub0583_12/00005.png,dfme_testA/sub0583_12/00125.png,dfme_testA/sub0583_12/00249.png,optical_flow/dfme_testA/apex/dfme_testA_apex_00042.jpg
sub0583,sub0583_13,220,337,459,dfme_testA/sub0583_13/00220.png,dfme_testA/sub0583_13/00337.png,dfme_testA/sub0583_13/00459.png,optical_flow/dfme_testA/apex/dfme_testA_apex_00043.jpg
sub0583,sub0583_14,21,133,249,dfme_testA/sub0583_14/00021.png,dfme_testA/sub0583_14/00133.png,dfme_testA/sub0583_14/00249.png,optical_flow/dfme_testA/apex/dfme_testA_apex_00044.jpg
sub0587,sub0587_01,0,88,181,dfme_testA/sub0587_01/00000.png,dfme_testA/sub0587_01/00088.png,dfme_testA/sub0587_01/00181.png,optical_flow/dfme_testA/apex/dfme_testA_apex_00045.jpg
sub0587,sub0587_02,56,141,230,dfme_testA/sub0587_02/00056.png,dfme_testA/sub0587_02/00141.png,dfme_testA/sub0587_02/00230.png,optical_flow/dfme_testA/apex/dfme_testA_apex_00046.jpg
sub0587,sub0587_03,14,125,241,dfme_testA/sub0587_03/00014.png,dfme_testA/sub0587_03/00125.png,dfme_testA/sub0587_03/00241.png,optical_flow/dfme_testA/apex/dfme_testA_apex_00047.jpg
sub0587,sub0587_04,73,159,249,dfme_testA/sub0587_04/00073.png,dfme_testA/sub0587_04/00159.png,dfme_testA/sub0587_04/00249.png,optical_flow/dfme_testA/apex/dfme_testA_apex_00048.jpg
sub0587,sub0587_05,0,110,225,dfme_testA/sub0587_05/00000.png,dfme_testA/sub0587_05/00110.png,dfme_testA/sub0587_05/00225.png,optical_flow/dfme_testA/apex/dfme_testA_apex_00049.jpg
sub0587,sub0587_06,0,90,185,dfme_testA/sub0587_06/00000.png,dfme_testA/sub0587_06/00090.png,dfme_testA/sub0587_06/00185.png,optical_flow/dfme_testA/apex/dfme_testA_apex_00050.jpg
sub0587,sub0587_07,36,77,123,dfme_testA/sub0587_07/00036.png,dfme_testA/sub0587_07/00077.png,dfme_testA/sub0587_07/00123.png,optical_flow/dfme_testA/apex/dfme_testA_apex_00051.jpg
sub0587,sub0587_08,0,122,249,dfme_testA/sub0587_08/00000.png,dfme_testA/sub0587_08/00122.png,dfme_testA/sub0587_08/00249.png,optical_flow/dfme_testA/apex/dfme_testA_apex_00052.jpg
sub0587,sub0587_09,0,67,138,dfme_testA/sub0587_09/00000.png,dfme_testA/sub0587_09/00067.png,dfme_testA/sub0587_09/00138.png,optical_flow/dfme_testA/apex/dfme_testA_apex_00053.jpg
sub0587,sub0587_10,0,101,206,dfme_testA/sub0587_10/00000.png,dfme_testA/sub0587_10/00101.png,dfme_testA/sub0587_10/00206.png,optical_flow/dfme_testA/apex/dfme_testA_apex_00054.jpg
sub0587,sub0587_11,149,223,301,dfme_testA/sub0587_11/00149.png,dfme_testA/sub0587_11/00223.png,dfme_testA/sub0587_11/00301.png,optical_flow/dfme_testA/apex/dfme_testA_apex_00055.jpg
sub0587,sub0587_12,0,68,141,dfme_testA/sub0587_12/00000.png,dfme_testA/sub0587_12/00068.png,dfme_testA/sub0587_12/00141.png,optical_flow/dfme_testA/apex/dfme_testA_apex_00056.jpg
sub0587,sub0587_13,0,110,224,dfme_testA/sub0587_13/00000.png,dfme_testA/sub0587_13/00110.png,dfme_testA/sub0587_13/00224.png,optical_flow/dfme_testA/apex/dfme_testA_apex_00057.jpg
sub0587,sub0587_14,0,67,138,dfme_testA/sub0587_14/00000.png,dfme_testA/sub0587_14/00067.png,dfme_testA/sub0587_14/00138.png,optical_flow/dfme_testA/apex/dfme_testA_apex_00058.jpg
sub0587,sub0587_15,21,115,213,dfme_testA/sub0587_15/00021.png,dfme_testA/sub0587_15/00115.png,dfme_testA/sub0587_15/00213.png,optical_flow/dfme_testA/apex/dfme_testA_apex_00059.jpg
sub0587,sub0587_16,0,109,222,dfme_testA/sub0587_16/00000.png,dfme_testA/sub0587_16/00109.png,dfme_testA/sub0587_16/00222.png,optical_flow/dfme_testA/apex/dfme_testA_apex_00060.jpg
sub0587,sub0587_17,0,78,161,dfme_testA/sub0587_17/00000.png,dfme_testA/sub0587_17/00078.png,dfme_testA/sub0587_17/00161.png,optical_flow/dfme_testA/apex/dfme_testA_apex_00061.jpg
sub0587,sub0587_18,0,105,215,dfme_testA/sub0587_18/00000.png,dfme_testA/sub0587_18/00105.png,dfme_testA/sub0587_18/00215.png,optical_flow/dfme_testA/apex/dfme_testA_apex_00062.jpg
sub0587,sub0587_19,0,108,221,dfme_testA/sub0587_19/00000.png,dfme_testA/sub0587_19/00108.png,dfme_testA/sub0587_19/00221.png,optical_flow/dfme_testA/apex/dfme_testA_apex_00063.jpg
sub0587,sub0587_20,0,108,220,dfme_testA/sub0587_20/00000.png,dfme_testA/sub0587_20/00108.png,dfme_testA/sub0587_20/00220.png,optical_flow/dfme_testA/apex/dfme_testA_apex_00064.jpg
sub0587,sub0587_21,26,135,248,dfme_testA/sub0587_21/00026.png,dfme_testA/sub0587_21/00135.png,dfme_testA/sub0587_21/00248.png,optical_flow/dfme_testA/apex/dfme_testA_apex_00065.jpg
sub0587,sub0587_22,0,58,121,dfme_testA/sub0587_22/00000.png,dfme_testA/sub0587_22/00058.png,dfme_testA/sub0587_22/00121.png,optical_flow/dfme_testA/apex/dfme_testA_apex_00066.jpg
sub0587,sub0587_23,0,97,198,dfme_testA/sub0587_23/00000.png,dfme_testA/sub0587_23/00097.png,dfme_testA/sub0587_23/00198.png,optical_flow/dfme_testA/apex/dfme_testA_apex_00067.jpg
sub0587,sub0587_24,14,126,243,dfme_testA/sub0587_24/00014.png,dfme_testA/sub0587_24/00126.png,dfme_testA/sub0587_24/00243.png,optical_flow/dfme_testA/apex/dfme_testA_apex_00068.jpg
sub0587,sub0587_25,0,94,192,dfme_testA/sub0587_25/00000.png,dfme_testA/sub0587_25/00094.png,dfme_testA/sub0587_25/00192.png,optical_flow/dfme_testA/apex/dfme_testA_apex_00069.jpg
sub0587,sub0587_26,0,101,207,dfme_testA/sub0587_26/00000.png,dfme_testA/sub0587_26/00101.png,dfme_testA/sub0587_26/00207.png,optical_flow/dfme_testA/apex/dfme_testA_apex_00070.jpg
sub0587,sub0587_27,0,76,157,dfme_testA/sub0587_27/00000.png,dfme_testA/sub0587_27/00076.png,dfme_testA/sub0587_27/00157.png,optical_flow/dfme_testA/apex/dfme_testA_apex_00071.jpg
sub0587,sub0587_28,0,91,187,dfme_testA/sub0587_28/00000.png,dfme_testA/sub0587_28/00091.png,dfme_testA/sub0587_28/00187.png,optical_flow/dfme_testA/apex/dfme_testA_apex_00072.jpg
sub0587,sub0587_29,0,76,156,dfme_testA/sub0587_29/00000.png,dfme_testA/sub0587_29/00076.png,dfme_testA/sub0587_29/00156.png,optical_flow/dfme_testA/apex/dfme_testA_apex_00073.jpg
sub0587,sub0587_30,0,97,199,dfme_testA/sub0587_30/00000.png,dfme_testA/sub0587_30/00097.png,dfme_testA/sub0587_30/00199.png,optical_flow/dfme_testA/apex/dfme_testA_apex_00074.jpg
sub0587,sub0587_31,0,122,249,dfme_testA/sub0587_31/00000.png,dfme_testA/sub0587_31/00122.png,dfme_testA/sub0587_31/00249.png,optical_flow/dfme_testA/apex/dfme_testA_apex_00075.jpg
sub0587,sub0587_32,0,60,124,dfme_testA/sub0587_32/00000.png,dfme_testA/sub0587_32/00060.png,dfme_testA/sub0587_32/00124.png,optical_flow/dfme_testA/apex/dfme_testA_apex_00076.jpg
sub0587,sub0587_33,0,116,237,dfme_testA/sub0587_33/00000.png,dfme_testA/sub0587_33/00116.png,dfme_testA/sub0587_33/00237.png,optical_flow/dfme_testA/apex/dfme_testA_apex_00077.jpg
sub0587,sub0587_34,14,130,251,dfme_testA/sub0587_34/00014.png,dfme_testA/sub0587_34/00130.png,dfme_testA/sub0587_34/00251.png,optical_flow/dfme_testA/apex/dfme_testA_apex_00078.jpg
sub0587,sub0587_35,0,109,222,dfme_testA/sub0587_35/00000.png,dfme_testA/sub0587_35/00109.png,dfme_testA/sub0587_35/00222.png,optical_flow/dfme_testA/apex/dfme_testA_apex_00079.jpg
sub0587,sub0587_36,0,104,213,dfme_testA/sub0587_36/00000.png,dfme_testA/sub0587_36/00104.png,dfme_testA/sub0587_36/00213.png,optical_flow/dfme_testA/apex/dfme_testA_apex_00080.jpg
sub0587,sub0587_37,122,177,236,dfme_testA/sub0587_37/00122.png,dfme_testA/sub0587_37/00177.png,dfme_testA/sub0587_37/00236.png,optical_flow/dfme_testA/apex/dfme_testA_apex_00081.jpg
sub0587,sub0587_38,0,118,240,dfme_testA/sub0587_38/00000.png,dfme_testA/sub0587_38/00118.png,dfme_testA/sub0587_38/00240.png,optical_flow/dfme_testA/apex/dfme_testA_apex_00082.jpg
sub0587,sub0587_39,0,114,233,dfme_testA/sub0587_39/00000.png,dfme_testA/sub0587_39/00114.png,dfme_testA/sub0587_39/00233.png,optical_flow/dfme_testA/apex/dfme_testA_apex_00083.jpg
sub0587,sub0587_40,0,111,227,dfme_testA/sub0587_40/00000.png,dfme_testA/sub0587_40/00111.png,dfme_testA/sub0587_40/00227.png,optical_flow/dfme_testA/apex/dfme_testA_apex_00084.jpg
sub0587,sub0587_41,70,157,249,dfme_testA/sub0587_41/00070.png,dfme_testA/sub0587_41/00157.png,dfme_testA/sub0587_41/00249.png,optical_flow/dfme_testA/apex/dfme_testA_apex_00085.jpg
sub0587,sub0587_42,0,110,225,dfme_testA/sub0587_42/00000.png,dfme_testA/sub0587_42/00110.png,dfme_testA/sub0587_42/00225.png,optical_flow/dfme_testA/apex/dfme_testA_apex_00086.jpg
sub0587,sub0587_43,0,67,138,dfme_testA/sub0587_43/00000.png,dfme_testA/sub0587_43/00067.png,dfme_testA/sub0587_43/00138.png,optical_flow/dfme_testA/apex/dfme_testA_apex_00087.jpg
sub0587,sub0587_44,0,80,165,dfme_testA/sub0587_44/00000.png,dfme_testA/sub0587_44/00080.png,dfme_testA/sub0587_44/00165.png,optical_flow/dfme_testA/apex/dfme_testA_apex_00088.jpg
sub0587,sub0587_45,0,121,247,dfme_testA/sub0587_45/00000.png,dfme_testA/sub0587_45/00121.png,dfme_testA/sub0587_45/00247.png,optical_flow/dfme_testA/apex/dfme_testA_apex_00089.jpg
sub0587,sub0587_46,0,84,172,dfme_testA/sub0587_46/00000.png,dfme_testA/sub0587_46/00084.png,dfme_testA/sub0587_46/00172.png,optical_flow/dfme_testA/apex/dfme_testA_apex_00090.jpg
sub0587,sub0587_47,0,122,249,dfme_testA/sub0587_47/00000.png,dfme_testA/sub0587_47/00122.png,dfme_testA/sub0587_47/00249.png,optical_flow/dfme_testA/apex/dfme_testA_apex_00091.jpg
sub0588,sub0588_01,0,108,221,dfme_testA/sub0588_01/00000.png,dfme_testA/sub0588_01/00108.png,dfme_testA/sub0588_01/00221.png,optical_flow/dfme_testA/apex/dfme_testA_apex_00092.jpg
sub0588,sub0588_02,0,103,211,dfme_testA/sub0588_02/00000.png,dfme_testA/sub0588_02/00103.png,dfme_testA/sub0588_02/00211.png,optical_flow/dfme_testA/apex/dfme_testA_apex_00093.jpg
sub0588,sub0588_03,0,114,232,dfme_testA/sub0588_03/00000.png,dfme_testA/sub0588_03/00114.png,dfme_testA/sub0588_03/00232.png,optical_flow/dfme_testA/apex/dfme_testA_apex_00094.jpg
sub0588,sub0588_04,0,116,236,dfme_testA/sub0588_04/00000.png,dfme_testA/sub0588_04/00116.png,dfme_testA/sub0588_04/00236.png,optical_flow/dfme_testA/apex/dfme_testA_apex_00095.jpg
sub0588,sub0588_05,0,103,210,dfme_testA/sub0588_05/00000.png,dfme_testA/sub0588_05/00103.png,dfme_testA/sub0588_05/00210.png,optical_flow/dfme_testA/apex/dfme_testA_apex_00096.jpg
sub0588,sub0588_06,26,123,224,dfme_testA/sub0588_06/00026.png,dfme_testA/sub0588_06/00123.png,dfme_testA/sub0588_06/00224.png,optical_flow/dfme_testA/apex/dfme_testA_apex_00097.jpg
sub0588,sub0588_07,26,127,233,dfme_testA/sub0588_07/00026.png,dfme_testA/sub0588_07/00127.png,dfme_testA/sub0588_07/00233.png,optical_flow/dfme_testA/apex/dfme_testA_apex_00098.jpg
sub0588,sub0588_08,14,92,175,dfme_testA/sub0588_08/00014.png,dfme_testA/sub0588_08/00092.png,dfme_testA/sub0588_08/00175.png,optical_flow/dfme_testA/apex/dfme_testA_apex_00099.jpg
sub0588,sub0588_09,0,116,236,dfme_testA/sub0588_09/00000.png,dfme_testA/sub0588_09/00116.png,dfme_testA/sub0588_09/00236.png,optical_flow/dfme_testA/apex/dfme_testA_apex_00100.jpg
sub0589,sub0589_01,0,111,226,dfme_testA/sub0589_01/00000.png,dfme_testA/sub0589_01/00111.png,dfme_testA/sub0589_01/00226.png,optical_flow/dfme_testA/apex/dfme_testA_apex_00101.jpg
sub0589,sub0589_02,0,111,227,dfme_testA/sub0589_02/00000.png,dfme_testA/sub0589_02/00111.png,dfme_testA/sub0589_02/00227.png,optical_flow/dfme_testA/apex/dfme_testA_apex_00102.jpg
sub0589,sub0589_03,0,92,188,dfme_testA/sub0589_03/00000.png,dfme_testA/sub0589_03/00092.png,dfme_testA/sub0589_03/00188.png,optical_flow/dfme_testA/apex/dfme_testA_apex_00103.jpg
sub0589,sub0589_04,0,114,232,dfme_testA/sub0589_04/00000.png,dfme_testA/sub0589_04/00114.png,dfme_testA/sub0589_04/00232.png,optical_flow/dfme_testA/apex/dfme_testA_apex_00104.jpg
sub0589,sub0589_05,0,88,181,dfme_testA/sub0589_05/00000.png,dfme_testA/sub0589_05/00088.png,dfme_testA/sub0589_05/00181.png,optical_flow/dfme_testA/apex/dfme_testA_apex_00105.jpg
sub0589,sub0589_06,0,54,112,dfme_testA/sub0589_06/00000.png,dfme_testA/sub0589_06/00054.png,dfme_testA/sub0589_06/00112.png,optical_flow/dfme_testA/apex/dfme_testA_apex_00106.jpg
sub0589,sub0589_07,0,47,98,dfme_testA/sub0589_07/00000.png,dfme_testA/sub0589_07/00047.png,dfme_testA/sub0589_07/00098.png,optical_flow/dfme_testA/apex/dfme_testA_apex_00107.jpg
sub0589,sub0589_08,0,100,204,dfme_testA/sub0589_08/00000.png,dfme_testA/sub0589_08/00100.png,dfme_testA/sub0589_08/00204.png,optical_flow/dfme_testA/apex/dfme_testA_apex_00108.jpg
sub0589,sub0589_09,16,123,234,dfme_testA/sub0589_09/00016.png,dfme_testA/sub0589_09/00123.png,dfme_testA/sub0589_09/00234.png,optical_flow/dfme_testA/apex/dfme_testA_apex_00109.jpg
sub0589,sub0589_10,0,64,133,dfme_testA/sub0589_10/00000.png,dfme_testA/sub0589_10/00064.png,dfme_testA/sub0589_10/00133.png,optical_flow/dfme_testA/apex/dfme_testA_apex_00110.jpg
sub0589,sub0589_11,0,77,159,dfme_testA/sub0589_11/00000.png,dfme_testA/sub0589_11/00077.png,dfme_testA/sub0589_11/00159.png,optical_flow/dfme_testA/apex/dfme_testA_apex_00111.jpg
sub0589,sub0589_12,0,100,205,dfme_testA/sub0589_12/00000.png,dfme_testA/sub0589_12/00100.png,dfme_testA/sub0589_12/00205.png,optical_flow/dfme_testA/apex/dfme_testA_apex_00112.jpg
sub0589,sub0589_13,0,98,201,dfme_testA/sub0589_13/00000.png,dfme_testA/sub0589_13/00098.png,dfme_testA/sub0589_13/00201.png,optical_flow/dfme_testA/apex/dfme_testA_apex_00113.jpg
sub0589,sub0589_14,0,75,154,dfme_testA/sub0589_14/00000.png,dfme_testA/sub0589_14/00075.png,dfme_testA/sub0589_14/00154.png,optical_flow/dfme_testA/apex/dfme_testA_apex_00114.jpg
sub0589,sub0589_15,0,102,208,dfme_testA/sub0589_15/00000.png,dfme_testA/sub0589_15/00102.png,dfme_testA/sub0589_15/00208.png,optical_flow/dfme_testA/apex/dfme_testA_apex_00115.jpg
sub0589,sub0589_16,0,76,156,dfme_testA/sub0589_16/00000.png,dfme_testA/sub0589_16/00076.png,dfme_testA/sub0589_16/00156.png,optical_flow/dfme_testA/apex/dfme_testA_apex_00116.jpg
sub0589,sub0589_17,0,110,225,dfme_testA/sub0589_17/00000.png,dfme_testA/sub0589_17/00110.png,dfme_testA/sub0589_17/00225.png,optical_flow/dfme_testA/apex/dfme_testA_apex_00117.jpg
sub0589,sub0589_18,0,108,221,dfme_testA/sub0589_18/00000.png,dfme_testA/sub0589_18/00108.png,dfme_testA/sub0589_18/00221.png,optical_flow/dfme_testA/apex/dfme_testA_apex_00118.jpg
sub0589,sub0589_19,0,94,192,dfme_testA/sub0589_19/00000.png,dfme_testA/sub0589_19/00094.png,dfme_testA/sub0589_19/00192.png,optical_flow/dfme_testA/apex/dfme_testA_apex_00119.jpg
sub0589,sub0589_20,0,120,245,dfme_testA/sub0589_20/00000.png,dfme_testA/sub0589_20/00120.png,dfme_testA/sub0589_20/00245.png,optical_flow/dfme_testA/apex/dfme_testA_apex_00120.jpg
sub0591,sub0591_01,0,47,99,dfme_testA/sub0591_01/00000.png,dfme_testA/sub0591_01/00047.png,dfme_testA/sub0591_01/00099.png,optical_flow/dfme_testA/apex/dfme_testA_apex_00121.jpg
sub0591,sub0591_02,0,96,196,dfme_testA/sub0591_02/00000.png,dfme_testA/sub0591_02/00096.png,dfme_testA/sub0591_02/00196.png,optical_flow/dfme_testA/apex/dfme_testA_apex_00122.jpg
sub0593,sub0593_01,0,47,98,dfme_testA/sub0593_01/00000.png,dfme_testA/sub0593_01/00047.png,dfme_testA/sub0593_01/00098.png,optical_flow/dfme_testA/apex/dfme_testA_apex_00123.jpg
sub0593,sub0593_02,0,111,226,dfme_testA/sub0593_02/00000.png,dfme_testA/sub0593_02/00111.png,dfme_testA/sub0593_02/00226.png,optical_flow/dfme_testA/apex/dfme_testA_apex_00124.jpg
sub0593,sub0593_03,0,74,152,dfme_testA/sub0593_03/00000.png,dfme_testA/sub0593_03/00074.png,dfme_testA/sub0593_03/00152.png,optical_flow/dfme_testA/apex/dfme_testA_apex_00125.jpg
sub0593,sub0593_04,20,130,245,dfme_testA/sub0593_04/00020.png,dfme_testA/sub0593_04/00130.png,dfme_testA/sub0593_04/00245.png,optical_flow/dfme_testA/apex/dfme_testA_apex_00126.jpg
sub0593,sub0593_05,20,123,231,dfme_testA/sub0593_05/00020.png,dfme_testA/sub0593_05/00123.png,dfme_testA/sub0593_05/00231.png,optical_flow/dfme_testA/apex/dfme_testA_apex_00127.jpg
sub0593,sub0593_06,2,94,191,dfme_testA/sub0593_06/00002.png,dfme_testA/sub0593_06/00094.png,dfme_testA/sub0593_06/00191.png,optical_flow/dfme_testA/apex/dfme_testA_apex_00128.jpg
sub0593,sub0593_07,0,122,249,dfme_testA/sub0593_07/00000.png,dfme_testA/sub0593_07/00122.png,dfme_testA/sub0593_07/00249.png,optical_flow/dfme_testA/apex/dfme_testA_apex_00129.jpg
sub0593,sub0593_08,0,110,225,dfme_testA/sub0593_08/00000.png,dfme_testA/sub0593_08/00110.png,dfme_testA/sub0593_08/00225.png,optical_flow/dfme_testA/apex/dfme_testA_apex_00130.jpg
sub0593,sub0593_09,0,68,140,dfme_testA/sub0593_09/00000.png,dfme_testA/sub0593_09/00068.png,dfme_testA/sub0593_09/00140.png,optical_flow/dfme_testA/apex/dfme_testA_apex_00131.jpg
sub0593,sub0593_10,124,183,246,dfme_testA/sub0593_10/00124.png,dfme_testA/sub0593_10/00183.png,dfme_testA/sub0593_10/00246.png,optical_flow/dfme_testA/apex/dfme_testA_apex_00132.jpg
sub0593,sub0593_11,0,94,192,dfme_testA/sub0593_11/00000.png,dfme_testA/sub0593_11/00094.png,dfme_testA/sub0593_11/00192.png,optical_flow/dfme_testA/apex/dfme_testA_apex_00133.jpg
sub0593,sub0593_12,0,120,245,dfme_testA/sub0593_12/00000.png,dfme_testA/sub0593_12/00120.png,dfme_testA/sub0593_12/00245.png,optical_flow/dfme_testA/apex/dfme_testA_apex_00134.jpg
sub0593,sub0593_13,21,123,230,dfme_testA/sub0593_13/00021.png,dfme_testA/sub0593_13/00123.png,dfme_testA/sub0593_13/00230.png,optical_flow/dfme_testA/apex/dfme_testA_apex_00135.jpg
sub0593,sub0593_14,1,123,250,dfme_testA/sub0593_14/00001.png,dfme_testA/sub0593_14/00123.png,dfme_testA/sub0593_14/00250.png,optical_flow/dfme_testA/apex/dfme_testA_apex_00136.jpg
sub0593,sub0593_15,20,142,269,dfme_testA/sub0593_15/00020.png,dfme_testA/sub0593_15/00142.png,dfme_testA/sub0593_15/00269.png,optical_flow/dfme_testA/apex/dfme_testA_apex_00137.jpg
sub0593,sub0593_16,0,120,245,dfme_testA/sub0593_16/00000.png,dfme_testA/sub0593_16/00120.png,dfme_testA/sub0593_16/00245.png,optical_flow/dfme_testA/apex/dfme_testA_apex_00138.jpg
sub0595,sub0595_01,0,63,130,dfme_testA/sub0595_01/00000.png,dfme_testA/sub0595_01/00063.png,dfme_testA/sub0595_01/00130.png,optical_flow/dfme_testA/apex/dfme_testA_apex_00139.jpg
sub0595,sub0595_02,0,83,170,dfme_testA/sub0595_02/00000.png,dfme_testA/sub0595_02/00083.png,dfme_testA/sub0595_02/00170.png,optical_flow/dfme_testA/apex/dfme_testA_apex_00140.jpg
sub0595,sub0595_03,0,83,171,dfme_testA/sub0595_03/00000.png,dfme_testA/sub0595_03/00083.png,dfme_testA/sub0595_03/00171.png,optical_flow/dfme_testA/apex/dfme_testA_apex_00141.jpg
sub0595,sub0595_04,0,115,234,dfme_testA/sub0595_04/00000.png,dfme_testA/sub0595_04/00115.png,dfme_testA/sub0595_04/00234.png,optical_flow/dfme_testA/apex/dfme_testA_apex_00142.jpg
sub0595,sub0595_05,0,122,248,dfme_testA/sub0595_05/00000.png,dfme_testA/sub0595_05/00122.png,dfme_testA/sub0595_05/00248.png,optical_flow/dfme_testA/apex/dfme_testA_apex_00143.jpg
sub0595,sub0595_06,0,83,170,dfme_testA/sub0595_06/00000.png,dfme_testA/sub0595_06/00083.png,dfme_testA/sub0595_06/00170.png,optical_flow/dfme_testA/apex/dfme_testA_apex_00144.jpg
sub0595,sub0595_07,0,80,164,dfme_testA/sub0595_07/00000.png,dfme_testA/sub0595_07/00080.png,dfme_testA/sub0595_07/00164.png,optical_flow/dfme_testA/apex/dfme_testA_apex_00145.jpg
sub0595,sub0595_08,0,92,189,dfme_testA/sub0595_08/00000.png,dfme_testA/sub0595_08/00092.png,dfme_testA/sub0595_08/00189.png,optical_flow/dfme_testA/apex/dfme_testA_apex_00146.jpg
sub0595,sub0595_09,0,85,175,dfme_testA/sub0595_09/00000.png,dfme_testA/sub0595_09/00085.png,dfme_testA/sub0595_09/00175.png,optical_flow/dfme_testA/apex/dfme_testA_apex_00147.jpg
sub0595,sub0595_10,0,93,191,dfme_testA/sub0595_10/00000.png,dfme_testA/sub0595_10/00093.png,dfme_testA/sub0595_10/00191.png,optical_flow/dfme_testA/apex/dfme_testA_apex_00148.jpg
sub0595,sub0595_11,0,112,229,dfme_testA/sub0595_11/00000.png,dfme_testA/sub0595_11/00112.png,dfme_testA/sub0595_11/00229.png,optical_flow/dfme_testA/apex/dfme_testA_apex_00149.jpg
sub0595,sub0595_12,0,84,172,dfme_testA/sub0595_12/00000.png,dfme_testA/sub0595_12/00084.png,dfme_testA/sub0595_12/00172.png,optical_flow/dfme_testA/apex/dfme_testA_apex_00150.jpg
sub0595,sub0595_13,0,87,179,dfme_testA/sub0595_13/00000.png,dfme_testA/sub0595_13/00087.png,dfme_testA/sub0595_13/00179.png,optical_flow/dfme_testA/apex/dfme_testA_apex_00151.jpg
sub0595,sub0595_14,0,110,224,dfme_testA/sub0595_14/00000.png,dfme_testA/sub0595_14/00110.png,dfme_testA/sub0595_14/00224.png,optical_flow/dfme_testA/apex/dfme_testA_apex_00152.jpg
sub0595,sub0595_15,0,79,162,dfme_testA/sub0595_15/00000.png,dfme_testA/sub0595_15/00079.png,dfme_testA/sub0595_15/00162.png,optical_flow/dfme_testA/apex/dfme_testA_apex_00153.jpg
sub0595,sub0595_16,0,115,235,dfme_testA/sub0595_16/00000.png,dfme_testA/sub0595_16/00115.png,dfme_testA/sub0595_16/00235.png,optical_flow/dfme_testA/apex/dfme_testA_apex_00154.jpg
sub0595,sub0595_17,0,73,150,dfme_testA/sub0595_17/00000.png,dfme_testA/sub0595_17/00073.png,dfme_testA/sub0595_17/00150.png,optical_flow/dfme_testA/apex/dfme_testA_apex_00155.jpg
sub0595,sub0595_18,0,86,177,dfme_testA/sub0595_18/00000.png,dfme_testA/sub0595_18/00086.png,dfme_testA/sub0595_18/00177.png,optical_flow/dfme_testA/apex/dfme_testA_apex_00156.jpg
sub0595,sub0595_19,0,97,198,dfme_testA/sub0595_19/00000.png,dfme_testA/sub0595_19/00097.png,dfme_testA/sub0595_19/00198.png,optical_flow/dfme_testA/apex/dfme_testA_apex_00157.jpg
sub0595,sub0595_20,0,83,171,dfme_testA/sub0595_20/00000.png,dfme_testA/sub0595_20/00083.png,dfme_testA/sub0595_20/00171.png,optical_flow/dfme_testA/apex/dfme_testA_apex_00158.jpg
sub0595,sub0595_21,0,83,170,dfme_testA/sub0595_21/00000.png,dfme_testA/sub0595_21/00083.png,dfme_testA/sub0595_21/00170.png,optical_flow/dfme_testA/apex/dfme_testA_apex_00159.jpg
sub0595,sub0595_22,51,111,175,dfme_testA/sub0595_22/00051.png,dfme_testA/sub0595_22/00111.png,dfme_testA/sub0595_22/00175.png,optical_flow/dfme_testA/apex/dfme_testA_apex_00160.jpg
sub0595,sub0595_23,0,95,195,dfme_testA/sub0595_23/00000.png,dfme_testA/sub0595_23/00095.png,dfme_testA/sub0595_23/00195.png,optical_flow/dfme_testA/apex/dfme_testA_apex_00161.jpg
sub0595,sub0595_24,0,83,171,dfme_testA/sub0595_24/00000.png,dfme_testA/sub0595_24/00083.png,dfme_testA/sub0595_24/00171.png,optical_flow/dfme_testA/apex/dfme_testA_apex_00162.jpg
sub0595,sub0595_25,0,120,245,dfme_testA/sub0595_25/00000.png,dfme_testA/sub0595_25/00120.png,dfme_testA/sub0595_25/00245.png,optical_flow/dfme_testA/apex/dfme_testA_apex_00163.jpg
sub0595,sub0595_26,0,76,157,dfme_testA/sub0595_26/00000.png,dfme_testA/sub0595_26/00076.png,dfme_testA/sub0595_26/00157.png,optical_flow/dfme_testA/apex/dfme_testA_apex_00164.jpg
sub0595,sub0595_27,0,62,128,dfme_testA/sub0595_27/00000.png,dfme_testA/sub0595_27/00062.png,dfme_testA/sub0595_27/00128.png,optical_flow/dfme_testA/apex/dfme_testA_apex_00165.jpg
sub0595,sub0595_28,0,114,232,dfme_testA/sub0595_28/00000.png,dfme_testA/sub0595_28/00114.png,dfme_testA/sub0595_28/00232.png,optical_flow/dfme_testA/apex/dfme_testA_apex_00166.jpg
sub0595,sub0595_29,0,98,200,dfme_testA/sub0595_29/00000.png,dfme_testA/sub0595_29/00098.png,dfme_testA/sub0595_29/00200.png,optical_flow/dfme_testA/apex/dfme_testA_apex_00167.jpg
sub0595,sub0595_30,0,46,96,dfme_testA/sub0595_30/00000.png,dfme_testA/sub0595_30/00046.png,dfme_testA/sub0595_30/00096.png,optical_flow/dfme_testA/apex/dfme_testA_apex_00168.jpg
sub0595,sub0595_31,0,77,158,dfme_testA/sub0595_31/00000.png,dfme_testA/sub0595_31/00077.png,dfme_testA/sub0595_31/00158.png,optical_flow/dfme_testA/apex/dfme_testA_apex_00169.jpg
sub0595,sub0595_32,0,87,179,dfme_testA/sub0595_32/00000.png,dfme_testA/sub0595_32/00087.png,dfme_testA/sub0595_32/00179.png,optical_flow/dfme_testA/apex/dfme_testA_apex_00170.jpg
sub0595,sub0595_33,0,94,192,dfme_testA/sub0595_33/00000.png,dfme_testA/sub0595_33/00094.png,dfme_testA/sub0595_33/00192.png,optical_flow/dfme_testA/apex/dfme_testA_apex_00171.jpg
sub0595,sub0595_34,0,89,183,dfme_testA/sub0595_34/00000.png,dfme_testA/sub0595_34/00089.png,dfme_testA/sub0595_34/00183.png,optical_flow/dfme_testA/apex/dfme_testA_apex_00172.jpg
sub0595,sub0595_35,0,77,158,dfme_testA/sub0595_35/00000.png,dfme_testA/sub0595_35/00077.png,dfme_testA/sub0595_35/00158.png,optical_flow/dfme_testA/apex/dfme_testA_apex_00173.jpg
sub0595,sub0595_36,31,137,248,dfme_testA/sub0595_36/00031.png,dfme_testA/sub0595_36/00137.png,dfme_testA/sub0595_36/00248.png,optical_flow/dfme_testA/apex/dfme_testA_apex_00174.jpg
sub0652,sub0652_01,0,103,210,dfme_testA/sub0652_01/00000.png,dfme_testA/sub0652_01/00103.png,dfme_testA/sub0652_01/00210.png,optical_flow/dfme_testA/apex/dfme_testA_apex_00175.jpg
sub0652,sub0652_02,0,84,172,dfme_testA/sub0652_02/00000.png,dfme_testA/sub0652_02/00084.png,dfme_testA/sub0652_02/00172.png,optical_flow/dfme_testA/apex/dfme_testA_apex_00176.jpg
sub0652,sub0652_03,0,120,245,dfme_testA/sub0652_03/00000.png,dfme_testA/sub0652_03/00120.png,dfme_testA/sub0652_03/00245.png,optical_flow/dfme_testA/apex/dfme_testA_apex_00177.jpg
sub0652,sub0652_04,0,55,114,dfme_testA/sub0652_04/00000.png,dfme_testA/sub0652_04/00055.png,dfme_testA/sub0652_04/00114.png,optical_flow/dfme_testA/apex/dfme_testA_apex_00178.jpg
sub0652,sub0652_05,0,91,187,dfme_testA/sub0652_05/00000.png,dfme_testA/sub0652_05/00091.png,dfme_testA/sub0652_05/00187.png,optical_flow/dfme_testA/apex/dfme_testA_apex_00179.jpg
sub0652,sub0652_06,0,114,232,dfme_testA/sub0652_06/00000.png,dfme_testA/sub0652_06/00114.png,dfme_testA/sub0652_06/00232.png,optical_flow/dfme_testA/apex/dfme_testA_apex_00180.jpg
sub0652,sub0652_07,0,120,245,dfme_testA/sub0652_07/00000.png,dfme_testA/sub0652_07/00120.png,dfme_testA/sub0652_07/00245.png,optical_flow/dfme_testA/apex/dfme_testA_apex_00181.jpg
sub0652,sub0652_08,0,113,231,dfme_testA/sub0652_08/00000.png,dfme_testA/sub0652_08/00113.png,dfme_testA/sub0652_08/00231.png,optical_flow/dfme_testA/apex/dfme_testA_apex_00182.jpg
sub0652,sub0652_09,0,108,220,dfme_testA/sub0652_09/00000.png,dfme_testA/sub0652_09/00108.png,dfme_testA/sub0652_09/00220.png,optical_flow/dfme_testA/apex/dfme_testA_apex_00183.jpg
sub0652,sub0652_10,0,87,179,dfme_testA/sub0652_10/00000.png,dfme_testA/sub0652_10/00087.png,dfme_testA/sub0652_10/00179.png,optical_flow/dfme_testA/apex/dfme_testA_apex_00184.jpg
sub0652,sub0652_11,0,108,221,dfme_testA/sub0652_11/00000.png,dfme_testA/sub0652_11/00108.png,dfme_testA/sub0652_11/00221.png,optical_flow/dfme_testA/apex/dfme_testA_apex_00185.jpg
sub0652,sub0652_12,0,100,204,dfme_testA/sub0652_12/00000.png,dfme_testA/sub0652_12/00100.png,dfme_testA/sub0652_12/00204.png,optical_flow/dfme_testA/apex/dfme_testA_apex_00186.jpg
sub0652,sub0652_13,0,101,206,dfme_testA/sub0652_13/00000.png,dfme_testA/sub0652_13/00101.png,dfme_testA/sub0652_13/00206.png,optical_flow/dfme_testA/apex/dfme_testA_apex_00187.jpg
sub0652,sub0652_14,80,135,194,dfme_testA/sub0652_14/00080.png,dfme_testA/sub0652_14/00135.png,dfme_testA/sub0652_14/00194.png,optical_flow/dfme_testA/apex/dfme_testA_apex_00188.jpg
sub0652,sub0652_15,0,78,160,dfme_testA/sub0652_15/00000.png,dfme_testA/sub0652_15/00078.png,dfme_testA/sub0652_15/00160.png,optical_flow/dfme_testA/apex/dfme_testA_apex_00189.jpg
sub0652,sub0652_16,0,122,248,dfme_testA/sub0652_16/00000.png,dfme_testA/sub0652_16/00122.png,dfme_testA/sub0652_16/00248.png,optical_flow/dfme_testA/apex/dfme_testA_apex_00190.jpg
sub0652,sub0652_17,0,96,197,dfme_testA/sub0652_17/00000.png,dfme_testA/sub0652_17/00096.png,dfme_testA/sub0652_17/00197.png,optical_flow/dfme_testA/apex/dfme_testA_apex_00191.jpg
sub0652,sub0652_18,0,116,237,dfme_testA/sub0652_18/00000.png,dfme_testA/sub0652_18/00116.png,dfme_testA/sub0652_18/00237.png,optical_flow/dfme_testA/apex/dfme_testA_apex_00192.jpg
sub0656,sub0656_01,0,111,227,dfme_testA/sub0656_01/00000.png,dfme_testA/sub0656_01/00111.png,dfme_testA/sub0656_01/00227.png,optical_flow/dfme_testA/apex/dfme_testA_apex_00193.jpg
sub0656,sub0656_02,95,154,218,dfme_testA/sub0656_02/00095.png,dfme_testA/sub0656_02/00154.png,dfme_testA/sub0656_02/00218.png,optical_flow/dfme_testA/apex/dfme_testA_apex_00194.jpg
sub0656,sub0656_03,0,83,171,dfme_testA/sub0656_03/00000.png,dfme_testA/sub0656_03/00083.png,dfme_testA/sub0656_03/00171.png,optical_flow/dfme_testA/apex/dfme_testA_apex_00195.jpg
sub0656,sub0656_04,0,109,222,dfme_testA/sub0656_04/00000.png,dfme_testA/sub0656_04/00109.png,dfme_testA/sub0656_04/00222.png,optical_flow/dfme_testA/apex/dfme_testA_apex_00196.jpg
sub0656,sub0656_05,0,122,248,dfme_testA/sub0656_05/00000.png,dfme_testA/sub0656_05/00122.png,dfme_testA/sub0656_05/00248.png,optical_flow/dfme_testA/apex/dfme_testA_apex_00197.jpg
sub0656,sub0656_06,0,114,232,dfme_testA/sub0656_06/00000.png,dfme_testA/sub0656_06/00114.png,dfme_testA/sub0656_06/00232.png,optical_flow/dfme_testA/apex/dfme_testA_apex_00198.jpg
sub0656,sub0656_07,26,139,256,dfme_testA/sub0656_07/00026.png,dfme_testA/sub0656_07/00139.png,dfme_testA/sub0656_07/00256.png,optical_flow/dfme_testA/apex/dfme_testA_apex_00199.jpg
sub0656,sub0656_08,0,55,115,dfme_testA/sub0656_08/00000.png,dfme_testA/sub0656_08/00055.png,dfme_testA/sub0656_08/00115.png,optical_flow/dfme_testA/apex/dfme_testA_apex_00200.jpg
sub0656,sub0656_09,0,94,193,dfme_testA/sub0656_09/00000.png,dfme_testA/sub0656_09/00094.png,dfme_testA/sub0656_09/00193.png,optical_flow/dfme_testA/apex/dfme_testA_apex_00201.jpg
sub0656,sub0656_10,0,114,232,dfme_testA/sub0656_10/00000.png,dfme_testA/sub0656_10/00114.png,dfme_testA/sub0656_10/00232.png,optical_flow/dfme_testA/apex/dfme_testA_apex_00202.jpg
sub0656,sub0656_11,0,98,201,dfme_testA/sub0656_11/00000.png,dfme_testA/sub0656_11/00098.png,dfme_testA/sub0656_11/00201.png,optical_flow/dfme_testA/apex/dfme_testA_apex_00203.jpg
sub0656,sub0656_12,0,117,238,dfme_testA/sub0656_12/00000.png,dfme_testA/sub0656_12/00117.png,dfme_testA/sub0656_12/00238.png,optical_flow/dfme_testA/apex/dfme_testA_apex_00204.jpg
sub0656,sub0656_13,0,69,142,dfme_testA/sub0656_13/00000.png,dfme_testA/sub0656_13/00069.png,dfme_testA/sub0656_13/00142.png,optical_flow/dfme_testA/apex/dfme_testA_apex_00205.jpg
sub0656,sub0656_14,100,159,222,dfme_testA/sub0656_14/00100.png,dfme_testA/sub0656_14/00159.png,dfme_testA/sub0656_14/00222.png,optical_flow/dfme_testA/apex/dfme_testA_apex_00206.jpg
sub0656,sub0656_15,0,109,223,dfme_testA/sub0656_15/00000.png,dfme_testA/sub0656_15/00109.png,dfme_testA/sub0656_15/00223.png,optical_flow/dfme_testA/apex/dfme_testA_apex_00207.jpg
sub0656,sub0656_16,124,184,248,dfme_testA/sub0656_16/00124.png,dfme_testA/sub0656_16/00184.png,dfme_testA/sub0656_16/00248.png,optical_flow/dfme_testA/apex/dfme_testA_apex_00208.jpg
sub0658,sub0658_01,0,74,152,dfme_testA/sub0658_01/00000.png,dfme_testA/sub0658_01/00074.png,dfme_testA/sub0658_01/00152.png,optical_flow/dfme_testA/apex/dfme_testA_apex_00209.jpg
sub0658,sub0658_02,9,131,258,dfme_testA/sub0658_02/00009.png,dfme_testA/sub0658_02/00131.png,dfme_testA/sub0658_02/00258.png,optical_flow/dfme_testA/apex/dfme_testA_apex_00210.jpg
sub0658,sub0658_03,19,141,268,dfme_testA/sub0658_03/00019.png,dfme_testA/sub0658_03/00141.png,dfme_testA/sub0658_03/00268.png,optical_flow/dfme_testA/apex/dfme_testA_apex_00211.jpg
sub0658,sub0658_04,0,111,227,dfme_testA/sub0658_04/00000.png,dfme_testA/sub0658_04/00111.png,dfme_testA/sub0658_04/00227.png,optical_flow/dfme_testA/apex/dfme_testA_apex_00212.jpg
sub0658,sub0658_05,0,104,212,dfme_testA/sub0658_05/00000.png,dfme_testA/sub0658_05/00104.png,dfme_testA/sub0658_05/00212.png,optical_flow/dfme_testA/apex/dfme_testA_apex_00213.jpg
sub0658,sub0658_06,50,158,270,dfme_testA/sub0658_06/00050.png,dfme_testA/sub0658_06/00158.png,dfme_testA/sub0658_06/00270.png,optical_flow/dfme_testA/apex/dfme_testA_apex_00214.jpg
sub0020,sub0020_01,13,58,107,dfme_testA/sub0020_01/00013.png,dfme_testA/sub0020_01/00058.png,dfme_testA/sub0020_01/00107.png,optical_flow/dfme_testA/apex/dfme_testA_apex_00215.jpg
sub0020,sub0020_02,0,72,148,dfme_testA/sub0020_02/00000.png,dfme_testA/sub0020_02/00072.png,dfme_testA/sub0020_02/00148.png,optical_flow/dfme_testA/apex/dfme_testA_apex_00216.jpg
sub0020,sub0020_03,76,97,122,dfme_testA/sub0020_03/00076.png,dfme_testA/sub0020_03/00097.png,dfme_testA/sub0020_03/00122.png,optical_flow/dfme_testA/apex/dfme_testA_apex_00217.jpg
sub0020,sub0020_04,0,77,158,dfme_testA/sub0020_04/00000.png,dfme_testA/sub0020_04/00077.png,dfme_testA/sub0020_04/00158.png,optical_flow/dfme_testA/apex/dfme_testA_apex_00218.jpg
sub0020,sub0020_05,0,43,91,dfme_testA/sub0020_05/00000.png,dfme_testA/sub0020_05/00043.png,dfme_testA/sub0020_05/00091.png,optical_flow/dfme_testA/apex/dfme_testA_apex_00219.jpg
sub0020,sub0020_06,40,69,102,dfme_testA/sub0020_06/00040.png,dfme_testA/sub0020_06/00069.png,dfme_testA/sub0020_06/00102.png,optical_flow/dfme_testA/apex/dfme_testA_apex_00220.jpg
sub0020,sub0020_07,0,47,98,dfme_testA/sub0020_07/00000.png,dfme_testA/sub0020_07/00047.png,dfme_testA/sub0020_07/00098.png,optical_flow/dfme_testA/apex/dfme_testA_apex_00221.jpg
sub0020,sub0020_08,50,99,153,dfme_testA/sub0020_08/00050.png,dfme_testA/sub0020_08/00099.png,dfme_testA/sub0020_08/00153.png,optical_flow/dfme_testA/apex/dfme_testA_apex_00222.jpg
sub0020,sub0020_09,0,55,114,dfme_testA/sub0020_09/00000.png,dfme_testA/sub0020_09/00055.png,dfme_testA/sub0020_09/00114.png,optical_flow/dfme_testA/apex/dfme_testA_apex_00223.jpg
sub0020,sub0020_10,0,60,125,dfme_testA/sub0020_10/00000.png,dfme_testA/sub0020_10/00060.png,dfme_testA/sub0020_10/00125.png,optical_flow/dfme_testA/apex/dfme_testA_apex_00224.jpg
sub0024,sub0024_01,30,103,180,dfme_testA/sub0024_01/00030.png,dfme_testA/sub0024_01/00103.png,dfme_testA/sub0024_01/00180.png,optical_flow/dfme_testA/apex/dfme_testA_apex_00225.jpg
sub0024,sub0024_02,0,42,88,dfme_testA/sub0024_02/00000.png,dfme_testA/sub0024_02/00042.png,dfme_testA/sub0024_02/00088.png,optical_flow/dfme_testA/apex/dfme_testA_apex_00226.jpg
sub0024,sub0024_03,35,106,181,dfme_testA/sub0024_03/00035.png,dfme_testA/sub0024_03/00106.png,dfme_testA/sub0024_03/00181.png,optical_flow/dfme_testA/apex/dfme_testA_apex_00227.jpg
sub0024,sub0024_04,16,88,165,dfme_testA/sub0024_04/00016.png,dfme_testA/sub0024_04/00088.png,dfme_testA/sub0024_04/00165.png,optical_flow/dfme_testA/apex/dfme_testA_apex_00228.jpg
sub0024,sub0024_05,38,112,190,dfme_testA/sub0024_05/00038.png,dfme_testA/sub0024_05/00112.png,dfme_testA/sub0024_05/00190.png,optical_flow/dfme_testA/apex/dfme_testA_apex_00229.jpg
sub0024,sub0024_06,30,107,189,dfme_testA/sub0024_06/00030.png,dfme_testA/sub0024_06/00107.png,dfme_testA/sub0024_06/00189.png,optical_flow/dfme_testA/apex/dfme_testA_apex_00230.jpg
sub0024,sub0024_07,30,99,173,dfme_testA/sub0024_07/00030.png,dfme_testA/sub0024_07/00099.png,dfme_testA/sub0024_07/00173.png,optical_flow/dfme_testA/apex/dfme_testA_apex_00231.jpg
sub0024,sub0024_08,38,110,187,dfme_testA/sub0024_08/00038.png,dfme_testA/sub0024_08/00110.png,dfme_testA/sub0024_08/00187.png,optical_flow/dfme_testA/apex/dfme_testA_apex_00232.jpg
sub0024,sub0024_09,0,63,130,dfme_testA/sub0024_09/00000.png,dfme_testA/sub0024_09/00063.png,dfme_testA/sub0024_09/00130.png,optical_flow/dfme_testA/apex/dfme_testA_apex_00233.jpg
sub0024,sub0024_10,0,60,124,dfme_testA/sub0024_10/00000.png,dfme_testA/sub0024_10/00060.png,dfme_testA/sub0024_10/00124.png,optical_flow/dfme_testA/apex/dfme_testA_apex_00234.jpg
sub0024,sub0024_11,49,121,198,dfme_testA/sub0024_11/00049.png,dfme_testA/sub0024_11/00121.png,dfme_testA/sub0024_11/00198.png,optical_flow/dfme_testA/apex/dfme_testA_apex_00235.jpg
sub0046,sub0046_01,0,26,57,dfme_testA/sub0046_01/00000.png,dfme_testA/sub0046_01/00026.png,dfme_testA/sub0046_01/00057.png,optical_flow/dfme_testA/apex/dfme_testA_apex_00236.jpg
sub0046,sub0046_02,0,72,148,dfme_testA/sub0046_02/00000.png,dfme_testA/sub0046_02/00072.png,dfme_testA/sub0046_02/00148.png,optical_flow/dfme_testA/apex/dfme_testA_apex_00237.jpg
sub0046,sub0046_03,0,65,135,dfme_testA/sub0046_03/00000.png,dfme_testA/sub0046_03/00065.png,dfme_testA/sub0046_03/00135.png,optical_flow/dfme_testA/apex/dfme_testA_apex_00238.jpg
sub0046,sub0046_04,10,80,154,dfme_testA/sub0046_04/00010.png,dfme_testA/sub0046_04/00080.png,dfme_testA/sub0046_04/00154.png,optical_flow/dfme_testA/apex/dfme_testA_apex_00239.jpg
sub0050,sub0050_01,25,94,167,dfme_testA/sub0050_01/00025.png,dfme_testA/sub0050_01/00094.png,dfme_testA/sub0050_01/00167.png,optical_flow/dfme_testA/apex/dfme_testA_apex_00240.jpg
sub0050,sub0050_02,0,56,116,dfme_testA/sub0050_02/00000.png,dfme_testA/sub0050_02/00056.png,dfme_testA/sub0050_02/00116.png,optical_flow/dfme_testA/apex/dfme_testA_apex_00241.jpg
sub0050,sub0050_03,0,34,72,dfme_testA/sub0050_03/00000.png,dfme_testA/sub0050_03/00034.png,dfme_testA/sub0050_03/00072.png,optical_flow/dfme_testA/apex/dfme_testA_apex_00242.jpg
sub0050,sub0050_04,0,35,75,dfme_testA/sub0050_04/00000.png,dfme_testA/sub0050_04/00035.png,dfme_testA/sub0050_04/00075.png,optical_flow/dfme_testA/apex/dfme_testA_apex_00243.jpg
sub0050,sub0050_05,0,39,83,dfme_testA/sub0050_05/00000.png,dfme_testA/sub0050_05/00039.png,dfme_testA/sub0050_05/00083.png,optical_flow/dfme_testA/apex/dfme_testA_apex_00244.jpg
sub0050,sub0050_06,0,50,104,dfme_testA/sub0050_06/00000.png,dfme_testA/sub0050_06/00050.png,dfme_testA/sub0050_06/00104.png,optical_flow/dfme_testA/apex/dfme_testA_apex_00245.jpg
sub0050,sub0050_07,0,71,146,dfme_testA/sub0050_07/00000.png,dfme_testA/sub0050_07/00071.png,dfme_testA/sub0050_07/00146.png,optical_flow/dfme_testA/apex/dfme_testA_apex_00246.jpg
sub0050,sub0050_08,0,44,93,dfme_testA/sub0050_08/00000.png,dfme_testA/sub0050_08/00044.png,dfme_testA/sub0050_08/00093.png,optical_flow/dfme_testA/apex/dfme_testA_apex_00247.jpg
sub0050,sub0050_09,19,58,102,dfme_testA/sub0050_09/00019.png,dfme_testA/sub0050_09/00058.png,dfme_testA/sub0050_09/00102.png,optical_flow/dfme_testA/apex/dfme_testA_apex_00248.jpg
sub0050,sub0050_10,13,50,91,dfme_testA/sub0050_10/00013.png,dfme_testA/sub0050_10/00050.png,dfme_testA/sub0050_10/00091.png,optical_flow/dfme_testA/apex/dfme_testA_apex_00249.jpg
sub0050,sub0050_11,10,51,96,dfme_testA/sub0050_11/00010.png,dfme_testA/sub0050_11/00051.png,dfme_testA/sub0050_11/00096.png,optical_flow/dfme_testA/apex/dfme_testA_apex_00250.jpg
sub0050,sub0050_12,0,25,54,dfme_testA/sub0050_12/00000.png,dfme_testA/sub0050_12/00025.png,dfme_testA/sub0050_12/00054.png,optical_flow/dfme_testA/apex/dfme_testA_apex_00251.jpg
sub0050,sub0050_13,11,68,130,dfme_testA/sub0050_13/00011.png,dfme_testA/sub0050_13/00068.png,dfme_testA/sub0050_13/00130.png,optical_flow/dfme_testA/apex/dfme_testA_apex_00252.jpg
sub0050,sub0050_14,31,102,178,dfme_testA/sub0050_14/00031.png,dfme_testA/sub0050_14/00102.png,dfme_testA/sub0050_14/00178.png,optical_flow/dfme_testA/apex/dfme_testA_apex_00253.jpg
sub0050,sub0050_15,0,62,129,dfme_testA/sub0050_15/00000.png,dfme_testA/sub0050_15/00062.png,dfme_testA/sub0050_15/00129.png,optical_flow/dfme_testA/apex/dfme_testA_apex_00254.jpg
sub0050,sub0050_16,9,51,97,dfme_testA/sub0050_16/00009.png,dfme_testA/sub0050_16/00051.png,dfme_testA/sub0050_16/00097.png,optical_flow/dfme_testA/apex/dfme_testA_apex_00255.jpg
sub0050,sub0050_17,20,80,145,dfme_testA/sub0050_17/00020.png,dfme_testA/sub0050_17/00080.png,dfme_testA/sub0050_17/00145.png,optical_flow/dfme_testA/apex/dfme_testA_apex_00256.jpg
sub0050,sub0050_18,38,104,174,dfme_testA/sub0050_18/00038.png,dfme_testA/sub0050_18/00104.png,dfme_testA/sub0050_18/00174.png,optical_flow/dfme_testA/apex/dfme_testA_apex_00257.jpg
sub0050,sub0050_19,50,122,198,dfme_testA/sub0050_19/00050.png,dfme_testA/sub0050_19/00122.png,dfme_testA/sub0050_19/00198.png,optical_flow/dfme_testA/apex/dfme_testA_apex_00258.jpg
sub0050,sub0050_20,55,127,203,dfme_testA/sub0050_20/00055.png,dfme_testA/sub0050_20/00127.png,dfme_testA/sub0050_20/00203.png,optical_flow/dfme_testA/apex/dfme_testA_apex_00259.jpg
sub0052,sub0052_01,0,42,88,dfme_testA/sub0052_01/00000.png,dfme_testA/sub0052_01/00042.png,dfme_testA/sub0052_01/00088.png,optical_flow/dfme_testA/apex/dfme_testA_apex_00260.jpg
sub0052,sub0052_02,80,140,205,dfme_testA/sub0052_02/00080.png,dfme_testA/sub0052_02/00140.png,dfme_testA/sub0052_02/00205.png,optical_flow/dfme_testA/apex/dfme_testA_apex_00261.jpg
sub0052,sub0052_03,0,72,149,dfme_testA/sub0052_03/00000.png,dfme_testA/sub0052_03/00072.png,dfme_testA/sub0052_03/00149.png,optical_flow/dfme_testA/apex/dfme_testA_apex_00262.jpg
sub0052,sub0052_04,0,63,130,dfme_testA/sub0052_04/00000.png,dfme_testA/sub0052_04/00063.png,dfme_testA/sub0052_04/00130.png,optical_flow/dfme_testA/apex/dfme_testA_apex_00263.jpg
sub0052,sub0052_05,0,27,59,dfme_testA/sub0052_05/00000.png,dfme_testA/sub0052_05/00027.png,dfme_testA/sub0052_05/00059.png,optical_flow/dfme_testA/apex/dfme_testA_apex_00264.jpg
sub0052,sub0052_06,0,46,96,dfme_testA/sub0052_06/00000.png,dfme_testA/sub0052_06/00046.png,dfme_testA/sub0052_06/00096.png,optical_flow/dfme_testA/apex/dfme_testA_apex_00265.jpg
sub0052,sub0052_07,0,29,62,dfme_testA/sub0052_07/00000.png,dfme_testA/sub0052_07/00029.png,dfme_testA/sub0052_07/00062.png,optical_flow/dfme_testA/apex/dfme_testA_apex_00266.jpg
sub0052,sub0052_08,5,41,81,dfme_testA/sub0052_08/00005.png,dfme_testA/sub0052_08/00041.png,dfme_testA/sub0052_08/00081.png,optical_flow/dfme_testA/apex/dfme_testA_apex_00267.jpg
sub0055,sub0055_01,30,84,143,dfme_testA/sub0055_01/00030.png,dfme_testA/sub0055_01/00084.png,dfme_testA/sub0055_01/00143.png,optical_flow/dfme_testA/apex/dfme_testA_apex_00268.jpg
sub0055,sub0055_02,0,56,117,dfme_testA/sub0055_02/00000.png,dfme_testA/sub0055_02/00056.png,dfme_testA/sub0055_02/00117.png,optical_flow/dfme_testA/apex/dfme_testA_apex_00269.jpg
sub0055,sub0055_03,20,91,166,dfme_testA/sub0055_03/00020.png,dfme_testA/sub0055_03/00091.png,dfme_testA/sub0055_03/00166.png,optical_flow/dfme_testA/apex/dfme_testA_apex_00270.jpg
sub0055,sub0055_04,0,69,142,dfme_testA/sub0055_04/00000.png,dfme_testA/sub0055_04/00069.png,dfme_testA/sub0055_04/00142.png,optical_flow/dfme_testA/apex/dfme_testA_apex_00271.jpg
sub0055,sub0055_05,0,69,142,dfme_testA/sub0055_05/00000.png,dfme_testA/sub0055_05/00069.png,dfme_testA/sub0055_05/00142.png,optical_flow/dfme_testA/apex/dfme_testA_apex_00272.jpg
sub0055,sub0055_06,0,56,116,dfme_testA/sub0055_06/00000.png,dfme_testA/sub0055_06/00056.png,dfme_testA/sub0055_06/00116.png,optical_flow/dfme_testA/apex/dfme_testA_apex_00273.jpg
sub0055,sub0055_07,0,58,120,dfme_testA/sub0055_07/00000.png,dfme_testA/sub0055_07/00058.png,dfme_testA/sub0055_07/00120.png,optical_flow/dfme_testA/apex/dfme_testA_apex_00274.jpg
sub0055,sub0055_08,0,71,147,dfme_testA/sub0055_08/00000.png,dfme_testA/sub0055_08/00071.png,dfme_testA/sub0055_08/00147.png,optical_flow/dfme_testA/apex/dfme_testA_apex_00275.jpg
sub0055,sub0055_09,20,63,110,dfme_testA/sub0055_09/00020.png,dfme_testA/sub0055_09/00063.png,dfme_testA/sub0055_09/00110.png,optical_flow/dfme_testA/apex/dfme_testA_apex_00276.jpg
sub0055,sub0055_10,25,65,110,dfme_testA/sub0055_10/00025.png,dfme_testA/sub0055_10/00065.png,dfme_testA/sub0055_10/00110.png,optical_flow/dfme_testA/apex/dfme_testA_apex_00277.jpg
sub0055,sub0055_11,0,48,101,dfme_testA/sub0055_11/00000.png,dfme_testA/sub0055_11/00048.png,dfme_testA/sub0055_11/00101.png,optical_flow/dfme_testA/apex/dfme_testA_apex_00278.jpg
sub0064,sub0064_01,5,70,139,dfme_testA/sub0064_01/00005.png,dfme_testA/sub0064_01/00070.png,dfme_testA/sub0064_01/00139.png,optical_flow/dfme_testA/apex/dfme_testA_apex_00279.jpg
sub0064,sub0064_02,0,67,139,dfme_testA/sub0064_02/00000.png,dfme_testA/sub0064_02/00067.png,dfme_testA/sub0064_02/00139.png,optical_flow/dfme_testA/apex/dfme_testA_apex_00280.jpg
sub0064,sub0064_03,25,93,165,dfme_testA/sub0064_03/00025.png,dfme_testA/sub0064_03/00093.png,dfme_testA/sub0064_03/00165.png,optical_flow/dfme_testA/apex/dfme_testA_apex_00281.jpg
sub0064,sub0064_04,0,71,146,dfme_testA/sub0064_04/00000.png,dfme_testA/sub0064_04/00071.png,dfme_testA/sub0064_04/00146.png,optical_flow/dfme_testA/apex/dfme_testA_apex_00282.jpg
sub0064,sub0064_05,11,80,154,dfme_testA/sub0064_05/00011.png,dfme_testA/sub0064_05/00080.png,dfme_testA/sub0064_05/00154.png,optical_flow/dfme_testA/apex/dfme_testA_apex_00283.jpg
sub0066,sub0066_01,37,96,160,dfme_testA/sub0066_01/00037.png,dfme_testA/sub0066_01/00096.png,dfme_testA/sub0066_01/00160.png,optical_flow/dfme_testA/apex/dfme_testA_apex_00284.jpg
sub0066,sub0066_02,43,107,175,dfme_testA/sub0066_02/00043.png,dfme_testA/sub0066_02/00107.png,dfme_testA/sub0066_02/00175.png,optical_flow/dfme_testA/apex/dfme_testA_apex_00285.jpg
sub0066,sub0066_03,25,88,156,dfme_testA/sub0066_03/00025.png,dfme_testA/sub0066_03/00088.png,dfme_testA/sub0066_03/00156.png,optical_flow/dfme_testA/apex/dfme_testA_apex_00286.jpg
sub0066,sub0066_04,1,36,76,dfme_testA/sub0066_04/00001.png,dfme_testA/sub0066_04/00036.png,dfme_testA/sub0066_04/00076.png,optical_flow/dfme_testA/apex/dfme_testA_apex_00287.jpg
sub0066,sub0066_05,40,104,173,dfme_testA/sub0066_05/00040.png,dfme_testA/sub0066_05/00104.png,dfme_testA/sub0066_05/00173.png,optical_flow/dfme_testA/apex/dfme_testA_apex_00288.jpg
sub0066,sub0066_06,1,58,120,dfme_testA/sub0066_06/00001.png,dfme_testA/sub0066_06/00058.png,dfme_testA/sub0066_06/00120.png,optical_flow/dfme_testA/apex/dfme_testA_apex_00289.jpg
sub0066,sub0066_07,1,56,115,dfme_testA/sub0066_07/00001.png,dfme_testA/sub0066_07/00056.png,dfme_testA/sub0066_07/00115.png,optical_flow/dfme_testA/apex/dfme_testA_apex_00290.jpg
sub0066,sub0066_08,0,65,135,dfme_testA/sub0066_08/00000.png,dfme_testA/sub0066_08/00065.png,dfme_testA/sub0066_08/00135.png,optical_flow/dfme_testA/apex/dfme_testA_apex_00291.jpg
sub0066,sub0066_09,1,64,132,dfme_testA/sub0066_09/00001.png,dfme_testA/sub0066_09/00064.png,dfme_testA/sub0066_09/00132.png,optical_flow/dfme_testA/apex/dfme_testA_apex_00292.jpg
sub0066,sub0066_10,0,52,109,dfme_testA/sub0066_10/00000.png,dfme_testA/sub0066_10/00052.png,dfme_testA/sub0066_10/00109.png,optical_flow/dfme_testA/apex/dfme_testA_apex_00293.jpg
sub0066,sub0066_11,0,67,138,dfme_testA/sub0066_11/00000.png,dfme_testA/sub0066_11/00067.png,dfme_testA/sub0066_11/00138.png,optical_flow/dfme_testA/apex/dfme_testA_apex_00294.jpg
sub0066,sub0066_12,0,63,130,dfme_testA/sub0066_12/00000.png,dfme_testA/sub0066_12/00063.png,dfme_testA/sub0066_12/00130.png,optical_flow/dfme_testA/apex/dfme_testA_apex_00295.jpg
sub0066,sub0066_13,3,66,134,dfme_testA/sub0066_13/00003.png,dfme_testA/sub0066_13/00066.png,dfme_testA/sub0066_13/00134.png,optical_flow/dfme_testA/apex/dfme_testA_apex_00296.jpg
sub0066,sub0066_14,3,58,118,dfme_testA/sub0066_14/00003.png,dfme_testA/sub0066_14/00058.png,dfme_testA/sub0066_14/00118.png,optical_flow/dfme_testA/apex/dfme_testA_apex_00297.jpg
sub0066,sub0066_15,20,91,166,dfme_testA/sub0066_15/00020.png,dfme_testA/sub0066_15/00091.png,dfme_testA/sub0066_15/00166.png,optical_flow/dfme_testA/apex/dfme_testA_apex_00298.jpg
sub0070,sub0070_01,11,77,147,dfme_testA/sub0070_01/00011.png,dfme_testA/sub0070_01/00077.png,dfme_testA/sub0070_01/00147.png,optical_flow/dfme_testA/apex/dfme_testA_apex_00299.jpg
sub0070,sub0070_02,2,54,111,dfme_testA/sub0070_02/00002.png,dfme_testA/sub0070_02/00054.png,dfme_testA/sub0070_02/00111.png,optical_flow/dfme_testA/apex/dfme_testA_apex_00300.jpg
sub0070,sub0070_03,15,70,130,dfme_testA/sub0070_03/00015.png,dfme_testA/sub0070_03/00070.png,dfme_testA/sub0070_03/00130.png,optical_flow/dfme_testA/apex/dfme_testA_apex_00301.jpg
sub0070,sub0070_04,17,66,119,dfme_testA/sub0070_04/00017.png,dfme_testA/sub0070_04/00066.png,dfme_testA/sub0070_04/00119.png,optical_flow/dfme_testA/apex/dfme_testA_apex_00302.jpg
sub0086,sub0086_01,17,53,93,dfme_testA/sub0086_01/00017.png,dfme_testA/sub0086_01/00053.png,dfme_testA/sub0086_01/00093.png,optical_flow/dfme_testA/apex/dfme_testA_apex_00303.jpg
sub0086,sub0086_02,15,84,158,dfme_testA/sub0086_02/00015.png,dfme_testA/sub0086_02/00084.png,dfme_testA/sub0086_02/00158.png,optical_flow/dfme_testA/apex/dfme_testA_apex_00304.jpg
sub0086,sub0086_03,13,81,153,dfme_testA/sub0086_03/00013.png,dfme_testA/sub0086_03/00081.png,dfme_testA/sub0086_03/00153.png,optical_flow/dfme_testA/apex/dfme_testA_apex_00305.jpg
sub0086,sub0086_04,0,70,145,dfme_testA/sub0086_04/00000.png,dfme_testA/sub0086_04/00070.png,dfme_testA/sub0086_04/00145.png,optical_flow/dfme_testA/apex/dfme_testA_apex_00306.jpg
sub0086,sub0086_05,35,107,184,dfme_testA/sub0086_05/00035.png,dfme_testA/sub0086_05/00107.png,dfme_testA/sub0086_05/00184.png,optical_flow/dfme_testA/apex/dfme_testA_apex_00307.jpg
sub0086,sub0086_06,0,74,153,dfme_testA/sub0086_06/00000.png,dfme_testA/sub0086_06/00074.png,dfme_testA/sub0086_06/00153.png,optical_flow/dfme_testA/apex/dfme_testA_apex_00308.jpg
sub0086,sub0086_07,0,71,146,dfme_testA/sub0086_07/00000.png,dfme_testA/sub0086_07/00071.png,dfme_testA/sub0086_07/00146.png,optical_flow/dfme_testA/apex/dfme_testA_apex_00309.jpg
sub0088,sub0088_01,0,70,144,dfme_testA/sub0088_01/00000.png,dfme_testA/sub0088_01/00070.png,dfme_testA/sub0088_01/00144.png,optical_flow/dfme_testA/apex/dfme_testA_apex_00310.jpg
sub0088,sub0088_02,17,46,80,dfme_testA/sub0088_02/00017.png,dfme_testA/sub0088_02/00046.png,dfme_testA/sub0088_02/00080.png,optical_flow/dfme_testA/apex/dfme_testA_apex_00311.jpg
sub0088,sub0088_03,11,37,68,dfme_testA/sub0088_03/00011.png,dfme_testA/sub0088_03/00037.png,dfme_testA/sub0088_03/00068.png,optical_flow/dfme_testA/apex/dfme_testA_apex_00312.jpg
sub0088,sub0088_04,7,55,107,dfme_testA/sub0088_04/00007.png,dfme_testA/sub0088_04/00055.png,dfme_testA/sub0088_04/00107.png,optical_flow/dfme_testA/apex/dfme_testA_apex_00313.jpg
sub0088,sub0088_05,10,71,137,dfme_testA/sub0088_05/00010.png,dfme_testA/sub0088_05/00071.png,dfme_testA/sub0088_05/00137.png,optical_flow/dfme_testA/apex/dfme_testA_apex_00314.jpg
sub0088,sub0088_06,9,65,125,dfme_testA/sub0088_06/00009.png,dfme_testA/sub0088_06/00065.png,dfme_testA/sub0088_06/00125.png,optical_flow/dfme_testA/apex/dfme_testA_apex_00315.jpg
sub0088,sub0088_07,5,56,112,dfme_testA/sub0088_07/00005.png,dfme_testA/sub0088_07/00056.png,dfme_testA/sub0088_07/00112.png,optical_flow/dfme_testA/apex/dfme_testA_apex_00316.jpg
sub0088,sub0088_08,12,60,112,dfme_testA/sub0088_08/00012.png,dfme_testA/sub0088_08/00060.png,dfme_testA/sub0088_08/00112.png,optical_flow/dfme_testA/apex/dfme_testA_apex_00317.jpg
sub0088,sub0088_09,15,47,83,dfme_testA/sub0088_09/00015.png,dfme_testA/sub0088_09/00047.png,dfme_testA/sub0088_09/00083.png,optical_flow/dfme_testA/apex/dfme_testA_apex_00318.jpg
sub0088,sub0088_10,9,44,84,dfme_testA/sub0088_10/00009.png,dfme_testA/sub0088_10/00044.png,dfme_testA/sub0088_10/00084.png,optical_flow/dfme_testA/apex/dfme_testA_apex_00319.jpg
sub0088,sub0088_11,18,40,67,dfme_testA/sub0088_11/00018.png,dfme_testA/sub0088_11/00040.png,dfme_testA/sub0088_11/00067.png,optical_flow/dfme_testA/apex/dfme_testA_apex_00320.jpg
sub0088,sub0088_12,6,59,117,dfme_testA/sub0088_12/00006.png,dfme_testA/sub0088_12/00059.png,dfme_testA/sub0088_12/00117.png,optical_flow/dfme_testA/apex/dfme_testA_apex_00321.jpg
sub0088,sub0088_13,0,71,147,dfme_testA/sub0088_13/00000.png,dfme_testA/sub0088_13/00071.png,dfme_testA/sub0088_13/00147.png,optical_flow/dfme_testA/apex/dfme_testA_apex_00322.jpg
sub0092,sub0092_01,40,104,173,dfme_testA/sub0092_01/00040.png,dfme_testA/sub0092_01/00104.png,dfme_testA/sub0092_01/00173.png,optical_flow/dfme_testA/apex/dfme_testA_apex_00323.jpg
sub0092,sub0092_02,193,221,254,dfme_testA/sub0092_02/00193.png,dfme_testA/sub0092_02/00221.png,dfme_testA/sub0092_02/00254.png,optical_flow/dfme_testA/apex/dfme_testA_apex_00324.jpg
sub0092,sub0092_03,21,81,145,dfme_testA/sub0092_03/00021.png,dfme_testA/sub0092_03/00081.png,dfme_testA/sub0092_03/00145.png,optical_flow/dfme_testA/apex/dfme_testA_apex_00325.jpg
sub0092,sub0092_04,11,75,143,dfme_testA/sub0092_04/00011.png,dfme_testA/sub0092_04/00075.png,dfme_testA/sub0092_04/00143.png,optical_flow/dfme_testA/apex/dfme_testA_apex_00326.jpg
sub0092,sub0092_05,96,113,135,dfme_testA/sub0092_05/00096.png,dfme_testA/sub0092_05/00113.png,dfme_testA/sub0092_05/00135.png,optical_flow/dfme_testA/apex/dfme_testA_apex_00327.jpg
sub0092,sub0092_06,195,228,266,dfme_testA/sub0092_06/00195.png,dfme_testA/sub0092_06/00228.png,dfme_testA/sub0092_06/00266.png,optical_flow/dfme_testA/apex/dfme_testA_apex_00328.jpg
sub0092,sub0092_07,0,72,148,dfme_testA/sub0092_07/00000.png,dfme_testA/sub0092_07/00072.png,dfme_testA/sub0092_07/00148.png,optical_flow/dfme_testA/apex/dfme_testA_apex_00329.jpg
sub0092,sub0092_08,0,32,69,dfme_testA/sub0092_08/00000.png,dfme_testA/sub0092_08/00032.png,dfme_testA/sub0092_08/00069.png,optical_flow/dfme_testA/apex/dfme_testA_apex_00330.jpg
sub0092,sub0092_09,75,114,158,dfme_testA/sub0092_09/00075.png,dfme_testA/sub0092_09/00114.png,dfme_testA/sub0092_09/00158.png,optical_flow/dfme_testA/apex/dfme_testA_apex_00331.jpg
sub0092,sub0092_10,1,63,130,dfme_testA/sub0092_10/00001.png,dfme_testA/sub0092_10/00063.png,dfme_testA/sub0092_10/00130.png,optical_flow/dfme_testA/apex/dfme_testA_apex_00332.jpg
sub0092,sub0092_11,16,74,136,dfme_testA/sub0092_11/00016.png,dfme_testA/sub0092_11/00074.png,dfme_testA/sub0092_11/00136.png,optical_flow/dfme_testA/apex/dfme_testA_apex_00333.jpg
sub0092,sub0092_12,0,71,146,dfme_testA/sub0092_12/00000.png,dfme_testA/sub0092_12/00071.png,dfme_testA/sub0092_12/00146.png,optical_flow/dfme_testA/apex/dfme_testA_apex_00334.jpg
sub0092,sub0092_13,86,133,185,dfme_testA/sub0092_13/00086.png,dfme_testA/sub0092_13/00133.png,dfme_testA/sub0092_13/00185.png,optical_flow/dfme_testA/apex/dfme_testA_apex_00335.jpg
sub0096,sub0096_01,0,50,105,dfme_testA/sub0096_01/00000.png,dfme_testA/sub0096_01/00050.png,dfme_testA/sub0096_01/00105.png,optical_flow/dfme_testA/apex/dfme_testA_apex_00336.jpg
sub0096,sub0096_02,10,34,63,dfme_testA/sub0096_02/00010.png,dfme_testA/sub0096_02/00034.png,dfme_testA/sub0096_02/00063.png,optical_flow/dfme_testA/apex/dfme_testA_apex_00337.jpg
sub0096,sub0096_03,0,70,145,dfme_testA/sub0096_03/00000.png,dfme_testA/sub0096_03/00070.png,dfme_testA/sub0096_03/00145.png,optical_flow/dfme_testA/apex/dfme_testA_apex_00338.jpg
sub0096,sub0096_04,0,56,116,dfme_testA/sub0096_04/00000.png,dfme_testA/sub0096_04/00056.png,dfme_testA/sub0096_04/00116.png,optical_flow/dfme_testA/apex/dfme_testA_apex_00339.jpg
sub0096,sub0096_05,25,70,119,dfme_testA/sub0096_05/00025.png,dfme_testA/sub0096_05/00070.png,dfme_testA/sub0096_05/00119.png,optical_flow/dfme_testA/apex/dfme_testA_apex_00340.jpg
sub0096,sub0096_06,13,85,162,dfme_testA/sub0096_06/00013.png,dfme_testA/sub0096_06/00085.png,dfme_testA/sub0096_06/00162.png,optical_flow/dfme_testA/apex/dfme_testA_apex_00341.jpg
sub0096,sub0096_07,20,56,97,dfme_testA/sub0096_07/00020.png,dfme_testA/sub0096_07/00056.png,dfme_testA/sub0096_07/00097.png,optical_flow/dfme_testA/apex/dfme_testA_apex_00342.jpg
sub0096,sub0096_08,0,58,120,dfme_testA/sub0096_08/00000.png,dfme_testA/sub0096_08/00058.png,dfme_testA/sub0096_08/00120.png,optical_flow/dfme_testA/apex/dfme_testA_apex_00343.jpg
sub0096,sub0096_09,8,77,151,dfme_testA/sub0096_09/00008.png,dfme_testA/sub0096_09/00077.png,dfme_testA/sub0096_09/00151.png,optical_flow/dfme_testA/apex/dfme_testA_apex_00344.jpg
sub0097,sub0097_01,53,103,158,dfme_testA/sub0097_01/00053.png,dfme_testA/sub0097_01/00103.png,dfme_testA/sub0097_01/00158.png,optical_flow/dfme_testA/apex/dfme_testA_apex_00345.jpg
sub0097,sub0097_02,62,111,164,dfme_testA/sub0097_02/00062.png,dfme_testA/sub0097_02/00111.png,dfme_testA/sub0097_02/00164.png,optical_flow/dfme_testA/apex/dfme_testA_apex_00346.jpg
sub0103,sub0103_01,110,178,250,dfme_testA/sub0103_01/00110.png,dfme_testA/sub0103_01/00178.png,dfme_testA/sub0103_01/00250.png,optical_flow/dfme_testA/apex/dfme_testA_apex_00347.jpg
sub0103,sub0103_02,20,76,137,dfme_testA/sub0103_02/00020.png,dfme_testA/sub0103_02/00076.png,dfme_testA/sub0103_02/00137.png,optical_flow/dfme_testA/apex/dfme_testA_apex_00348.jpg
sub0103,sub0103_03,0,68,140,dfme_testA/sub0103_03/00000.png,dfme_testA/sub0103_03/00068.png,dfme_testA/sub0103_03/00140.png,optical_flow/dfme_testA/apex/dfme_testA_apex_00349.jpg
sub0103,sub0103_04,43,108,177,dfme_testA/sub0103_04/00043.png,dfme_testA/sub0103_04/00108.png,dfme_testA/sub0103_04/00177.png,optical_flow/dfme_testA/apex/dfme_testA_apex_00350.jpg
sub0103,sub0103_05,0,68,140,dfme_testA/sub0103_05/00000.png,dfme_testA/sub0103_05/00068.png,dfme_testA/sub0103_05/00140.png,optical_flow/dfme_testA/apex/dfme_testA_apex_00351.jpg
sub0110,sub0110_01,58,108,163,dfme_testA/sub0110_01/00058.png,dfme_testA/sub0110_01/00108.png,dfme_testA/sub0110_01/00163.png,optical_flow/dfme_testA/apex/dfme_testA_apex_00352.jpg
sub0110,sub0110_02,55,87,123,dfme_testA/sub0110_02/00055.png,dfme_testA/sub0110_02/00087.png,dfme_testA/sub0110_02/00123.png,optical_flow/dfme_testA/apex/dfme_testA_apex_00353.jpg
sub0110,sub0110_03,24,76,133,dfme_testA/sub0110_03/00024.png,dfme_testA/sub0110_03/00076.png,dfme_testA/sub0110_03/00133.png,optical_flow/dfme_testA/apex/dfme_testA_apex_00354.jpg
sub0110,sub0110_04,60,94,133,dfme_testA/sub0110_04/00060.png,dfme_testA/sub0110_04/00094.png,dfme_testA/sub0110_04/00133.png,optical_flow/dfme_testA/apex/dfme_testA_apex_00355.jpg
sub0110,sub0110_05,46,103,165,dfme_testA/sub0110_05/00046.png,dfme_testA/sub0110_05/00103.png,dfme_testA/sub0110_05/00165.png,optical_flow/dfme_testA/apex/dfme_testA_apex_00356.jpg
sub0110,sub0110_06,25,57,93,dfme_testA/sub0110_06/00025.png,dfme_testA/sub0110_06/00057.png,dfme_testA/sub0110_06/00093.png,optical_flow/dfme_testA/apex/dfme_testA_apex_00357.jpg
sub0131,sub0131_01,0,44,92,dfme_testA/sub0131_01/00000.png,dfme_testA/sub0131_01/00044.png,dfme_testA/sub0131_01/00092.png,optical_flow/dfme_testA/apex/dfme_testA_apex_00358.jpg
sub0131,sub0131_02,0,41,87,dfme_testA/sub0131_02/00000.png,dfme_testA/sub0131_02/00041.png,dfme_testA/sub0131_02/00087.png,optical_flow/dfme_testA/apex/dfme_testA_apex_00359.jpg
sub0131,sub0131_03,0,38,81,dfme_testA/sub0131_03/00000.png,dfme_testA/sub0131_03/00038.png,dfme_testA/sub0131_03/00081.png,optical_flow/dfme_testA/apex/dfme_testA_apex_00360.jpg
sub0131,sub0131_04,2,53,109,dfme_testA/sub0131_04/00002.png,dfme_testA/sub0131_04/00053.png,dfme_testA/sub0131_04/00109.png,optical_flow/dfme_testA/apex/dfme_testA_apex_00361.jpg
sub0131,sub0131_05,22,56,94,dfme_testA/sub0131_05/00022.png,dfme_testA/sub0131_05/00056.png,dfme_testA/sub0131_05/00094.png,optical_flow/dfme_testA/apex/dfme_testA_apex_00362.jpg
sub0131,sub0131_06,11,63,120,dfme_testA/sub0131_06/00011.png,dfme_testA/sub0131_06/00063.png,dfme_testA/sub0131_06/00120.png,optical_flow/dfme_testA/apex/dfme_testA_apex_00363.jpg
sub0131,sub0131_07,23,69,120,dfme_testA/sub0131_07/00023.png,dfme_testA/sub0131_07/00069.png,dfme_testA/sub0131_07/00120.png,optical_flow/dfme_testA/apex/dfme_testA_apex_00364.jpg
sub0131,sub0131_08,60,82,109,dfme_testA/sub0131_08/00060.png,dfme_testA/sub0131_08/00082.png,dfme_testA/sub0131_08/00109.png,optical_flow/dfme_testA/apex/dfme_testA_apex_00365.jpg
sub0139,sub0139_01,1,28,60,dfme_testA/sub0139_01/00001.png,dfme_testA/sub0139_01/00028.png,dfme_testA/sub0139_01/00060.png,optical_flow/dfme_testA/apex/dfme_testA_apex_00366.jpg
sub0139,sub0139_02,0,40,84,dfme_testA/sub0139_02/00000.png,dfme_testA/sub0139_02/00040.png,dfme_testA/sub0139_02/00084.png,optical_flow/dfme_testA/apex/dfme_testA_apex_00367.jpg
sub0139,sub0139_03,22,30,43,dfme_testA/sub0139_03/00022.png,dfme_testA/sub0139_03/00030.png,dfme_testA/sub0139_03/00043.png,optical_flow/dfme_testA/apex/dfme_testA_apex_00368.jpg
sub0142,sub0142_01,27,54,86,dfme_testA/sub0142_01/00027.png,dfme_testA/sub0142_01/00054.png,dfme_testA/sub0142_01/00086.png,optical_flow/dfme_testA/apex/dfme_testA_apex_00369.jpg
sub0142,sub0142_02,13,49,89,dfme_testA/sub0142_02/00013.png,dfme_testA/sub0142_02/00049.png,dfme_testA/sub0142_02/00089.png,optical_flow/dfme_testA/apex/dfme_testA_apex_00370.jpg
sub0142,sub0142_03,19,50,86,dfme_testA/sub0142_03/00019.png,dfme_testA/sub0142_03/00050.png,dfme_testA/sub0142_03/00086.png,optical_flow/dfme_testA/apex/dfme_testA_apex_00371.jpg
sub0142,sub0142_04,21,50,83,dfme_testA/sub0142_04/00021.png,dfme_testA/sub0142_04/00050.png,dfme_testA/sub0142_04/00083.png,optical_flow/dfme_testA/apex/dfme_testA_apex_00372.jpg
sub0142,sub0142_05,17,41,70,dfme_testA/sub0142_05/00017.png,dfme_testA/sub0142_05/00041.png,dfme_testA/sub0142_05/00070.png,optical_flow/dfme_testA/apex/dfme_testA_apex_00373.jpg
sub0142,sub0142_06,16,66,120,dfme_testA/sub0142_06/00016.png,dfme_testA/sub0142_06/00066.png,dfme_testA/sub0142_06/00120.png,optical_flow/dfme_testA/apex/dfme_testA_apex_00374.jpg
sub0142,sub0142_07,6,36,71,dfme_testA/sub0142_07/00006.png,dfme_testA/sub0142_07/00036.png,dfme_testA/sub0142_07/00071.png,optical_flow/dfme_testA/apex/dfme_testA_apex_00375.jpg
sub0142,sub0142_08,16,36,61,dfme_testA/sub0142_08/00016.png,dfme_testA/sub0142_08/00036.png,dfme_testA/sub0142_08/00061.png,optical_flow/dfme_testA/apex/dfme_testA_apex_00376.jpg
sub0142,sub0142_09,28,52,81,dfme_testA/sub0142_09/00028.png,dfme_testA/sub0142_09/00052.png,dfme_testA/sub0142_09/00081.png,optical_flow/dfme_testA/apex/dfme_testA_apex_00377.jpg
sub0142,sub0142_10,15,39,67,dfme_testA/sub0142_10/00015.png,dfme_testA/sub0142_10/00039.png,dfme_testA/sub0142_10/00067.png,optical_flow/dfme_testA/apex/dfme_testA_apex_00378.jpg
sub0145,sub0145_01,17,48,83,dfme_testA/sub0145_01/00017.png,dfme_testA/sub0145_01/00048.png,dfme_testA/sub0145_01/00083.png,optical_flow/dfme_testA/apex/dfme_testA_apex_00379.jpg
sub0145,sub0145_02,0,47,99,dfme_testA/sub0145_02/00000.png,dfme_testA/sub0145_02/00047.png,dfme_testA/sub0145_02/00099.png,optical_flow/dfme_testA/apex/dfme_testA_apex_00380.jpg
sub0145,sub0145_03,23,52,85,dfme_testA/sub0145_03/00023.png,dfme_testA/sub0145_03/00052.png,dfme_testA/sub0145_03/00085.png,optical_flow/dfme_testA/apex/dfme_testA_apex_00381.jpg
sub0145,sub0145_04,11,55,104,dfme_testA/sub0145_04/00011.png,dfme_testA/sub0145_04/00055.png,dfme_testA/sub0145_04/00104.png,optical_flow/dfme_testA/apex/dfme_testA_apex_00382.jpg
sub0145,sub0145_05,9,52,99,dfme_testA/sub0145_05/00009.png,dfme_testA/sub0145_05/00052.png,dfme_testA/sub0145_05/00099.png,optical_flow/dfme_testA/apex/dfme_testA_apex_00383.jpg
sub0145,sub0145_06,9,30,56,dfme_testA/sub0145_06/00009.png,dfme_testA/sub0145_06/00030.png,dfme_testA/sub0145_06/00056.png,optical_flow/dfme_testA/apex/dfme_testA_apex_00384.jpg
sub0145,sub0145_07,15,46,81,dfme_testA/sub0145_07/00015.png,dfme_testA/sub0145_07/00046.png,dfme_testA/sub0145_07/00081.png,optical_flow/dfme_testA/apex/dfme_testA_apex_00385.jpg
sub0145,sub0145_08,12,50,92,dfme_testA/sub0145_08/00012.png,dfme_testA/sub0145_08/00050.png,dfme_testA/sub0145_08/00092.png,optical_flow/dfme_testA/apex/dfme_testA_apex_00386.jpg
sub0149,sub0149_01,0,32,68,dfme_testA/sub0149_01/00000.png,dfme_testA/sub0149_01/00032.png,dfme_testA/sub0149_01/00068.png,optical_flow/dfme_testA/apex/dfme_testA_apex_00387.jpg
sub0149,sub0149_02,20,42,69,dfme_testA/sub0149_02/00020.png,dfme_testA/sub0149_02/00042.png,dfme_testA/sub0149_02/00069.png,optical_flow/dfme_testA/apex/dfme_testA_apex_00388.jpg
sub0149,sub0149_03,0,47,98,dfme_testA/sub0149_03/00000.png,dfme_testA/sub0149_03/00047.png,dfme_testA/sub0149_03/00098.png,optical_flow/dfme_testA/apex/dfme_testA_apex_00389.jpg
sub0149,sub0149_04,22,44,71,dfme_testA/sub0149_04/00022.png,dfme_testA/sub0149_04/00044.png,dfme_testA/sub0149_04/00071.png,optical_flow/dfme_testA/apex/dfme_testA_apex_00390.jpg
sub0149,sub0149_05,0,32,68,dfme_testA/sub0149_05/00000.png,dfme_testA/sub0149_05/00032.png,dfme_testA/sub0149_05/00068.png,optical_flow/dfme_testA/apex/dfme_testA_apex_00391.jpg
sub0149,sub0149_06,0,44,92,dfme_testA/sub0149_06/00000.png,dfme_testA/sub0149_06/00044.png,dfme_testA/sub0149_06/00092.png,optical_flow/dfme_testA/apex/dfme_testA_apex_00392.jpg
sub0149,sub0149_07,0,47,98,dfme_testA/sub0149_07/00000.png,dfme_testA/sub0149_07/00047.png,dfme_testA/sub0149_07/00098.png,optical_flow/dfme_testA/apex/dfme_testA_apex_00393.jpg
sub0149,sub0149_08,0,45,95,dfme_testA/sub0149_08/00000.png,dfme_testA/sub0149_08/00045.png,dfme_testA/sub0149_08/00095.png,optical_flow/dfme_testA/apex/dfme_testA_apex_00394.jpg
sub0149,sub0149_09,0,41,86,dfme_testA/sub0149_09/00000.png,dfme_testA/sub0149_09/00041.png,dfme_testA/sub0149_09/00086.png,optical_flow/dfme_testA/apex/dfme_testA_apex_00395.jpg
sub0149,sub0149_10,0,35,74,dfme_testA/sub0149_10/00000.png,dfme_testA/sub0149_10/00035.png,dfme_testA/sub0149_10/00074.png,optical_flow/dfme_testA/apex/dfme_testA_apex_00396.jpg
sub0149,sub0149_11,0,43,91,dfme_testA/sub0149_11/00000.png,dfme_testA/sub0149_11/00043.png,dfme_testA/sub0149_11/00091.png,optical_flow/dfme_testA/apex/dfme_testA_apex_00397.jpg
sub0149,sub0149_12,0,41,87,dfme_testA/sub0149_12/00000.png,dfme_testA/sub0149_12/00041.png,dfme_testA/sub0149_12/00087.png,optical_flow/dfme_testA/apex/dfme_testA_apex_00398.jpg
sub0149,sub0149_13,14,60,110,dfme_testA/sub0149_13/00014.png,dfme_testA/sub0149_13/00060.png,dfme_testA/sub0149_13/00110.png,optical_flow/dfme_testA/apex/dfme_testA_apex_00399.jpg
sub0149,sub0149_14,0,43,91,dfme_testA/sub0149_14/00000.png,dfme_testA/sub0149_14/00043.png,dfme_testA/sub0149_14/00091.png,optical_flow/dfme_testA/apex/dfme_testA_apex_00400.jpg
sub0151,sub0151_01,28,59,95,dfme_testA/sub0151_01/00028.png,dfme_testA/sub0151_01/00059.png,dfme_testA/sub0151_01/00095.png,optical_flow/dfme_testA/apex/dfme_testA_apex_00401.jpg
sub0151,sub0151_02,31,54,81,dfme_testA/sub0151_02/00031.png,dfme_testA/sub0151_02/00054.png,dfme_testA/sub0151_02/00081.png,optical_flow/dfme_testA/apex/dfme_testA_apex_00402.jpg
sub0151,sub0151_03,10,40,74,dfme_testA/sub0151_03/00010.png,dfme_testA/sub0151_03/00040.png,dfme_testA/sub0151_03/00074.png,optical_flow/dfme_testA/apex/dfme_testA_apex_00403.jpg
sub0151,sub0151_04,9,48,92,dfme_testA/sub0151_04/00009.png,dfme_testA/sub0151_04/00048.png,dfme_testA/sub0151_04/00092.png,optical_flow/dfme_testA/apex/dfme_testA_apex_00404.jpg
sub0151,sub0151_05,13,57,106,dfme_testA/sub0151_05/00013.png,dfme_testA/sub0151_05/00057.png,dfme_testA/sub0151_05/00106.png,optical_flow/dfme_testA/apex/dfme_testA_apex_00405.jpg
sub0151,sub0151_06,10,35,64,dfme_testA/sub0151_06/00010.png,dfme_testA/sub0151_06/00035.png,dfme_testA/sub0151_06/00064.png,optical_flow/dfme_testA/apex/dfme_testA_apex_00406.jpg
sub0155,sub0155_01,10,51,97,dfme_testA/sub0155_01/00010.png,dfme_testA/sub0155_01/00051.png,dfme_testA/sub0155_01/00097.png,optical_flow/dfme_testA/apex/dfme_testA_apex_00407.jpg
sub0155,sub0155_02,7,49,96,dfme_testA/sub0155_02/00007.png,dfme_testA/sub0155_02/00049.png,dfme_testA/sub0155_02/00096.png,optical_flow/dfme_testA/apex/dfme_testA_apex_00408.jpg
sub0155,sub0155_03,1,27,58,dfme_testA/sub0155_03/00001.png,dfme_testA/sub0155_03/00027.png,dfme_testA/sub0155_03/00058.png,optical_flow/dfme_testA/apex/dfme_testA_apex_00409.jpg
sub0155,sub0155_04,4,49,98,dfme_testA/sub0155_04/00004.png,dfme_testA/sub0155_04/00049.png,dfme_testA/sub0155_04/00098.png,optical_flow/dfme_testA/apex/dfme_testA_apex_00410.jpg
sub0155,sub0155_05,23,70,121,dfme_testA/sub0155_05/00023.png,dfme_testA/sub0155_05/00070.png,dfme_testA/sub0155_05/00121.png,optical_flow/dfme_testA/apex/dfme_testA_apex_00411.jpg
sub0155,sub0155_06,5,53,105,dfme_testA/sub0155_06/00005.png,dfme_testA/sub0155_06/00053.png,dfme_testA/sub0155_06/00105.png,optical_flow/dfme_testA/apex/dfme_testA_apex_00412.jpg
sub0155,sub0155_07,2,44,91,dfme_testA/sub0155_07/00002.png,dfme_testA/sub0155_07/00044.png,dfme_testA/sub0155_07/00091.png,optical_flow/dfme_testA/apex/dfme_testA_apex_00413.jpg
sub0170,sub0170_01,0,29,63,dfme_testA/sub0170_01/00000.png,dfme_testA/sub0170_01/00029.png,dfme_testA/sub0170_01/00063.png,optical_flow/dfme_testA/apex/dfme_testA_apex_00414.jpg
sub0170,sub0170_02,0,30,65,dfme_testA/sub0170_02/00000.png,dfme_testA/sub0170_02/00030.png,dfme_testA/sub0170_02/00065.png,optical_flow/dfme_testA/apex/dfme_testA_apex_00415.jpg
sub0170,sub0170_03,4,46,93,dfme_testA/sub0170_03/00004.png,dfme_testA/sub0170_03/00046.png,dfme_testA/sub0170_03/00093.png,optical_flow/dfme_testA/apex/dfme_testA_apex_00416.jpg
sub0170,sub0170_04,9,42,79,dfme_testA/sub0170_04/00009.png,dfme_testA/sub0170_04/00042.png,dfme_testA/sub0170_04/00079.png,optical_flow/dfme_testA/apex/dfme_testA_apex_00417.jpg
sub0170,sub0170_05,9,41,78,dfme_testA/sub0170_05/00009.png,dfme_testA/sub0170_05/00041.png,dfme_testA/sub0170_05/00078.png,optical_flow/dfme_testA/apex/dfme_testA_apex_00418.jpg
sub0170,sub0170_06,11,51,96,dfme_testA/sub0170_06/00011.png,dfme_testA/sub0170_06/00051.png,dfme_testA/sub0170_06/00096.png,optical_flow/dfme_testA/apex/dfme_testA_apex_00419.jpg
sub0170,sub0170_07,1,24,51,dfme_testA/sub0170_07/00001.png,dfme_testA/sub0170_07/00024.png,dfme_testA/sub0170_07/00051.png,optical_flow/dfme_testA/apex/dfme_testA_apex_00420.jpg
sub0170,sub0170_08,25,55,90,dfme_testA/sub0170_08/00025.png,dfme_testA/sub0170_08/00055.png,dfme_testA/sub0170_08/00090.png,optical_flow/dfme_testA/apex/dfme_testA_apex_00421.jpg
sub0170,sub0170_09,15,53,95,dfme_testA/sub0170_09/00015.png,dfme_testA/sub0170_09/00053.png,dfme_testA/sub0170_09/00095.png,optical_flow/dfme_testA/apex/dfme_testA_apex_00422.jpg
sub0170,sub0170_10,8,28,52,dfme_testA/sub0170_10/00008.png,dfme_testA/sub0170_10/00028.png,dfme_testA/sub0170_10/00052.png,optical_flow/dfme_testA/apex/dfme_testA_apex_00423.jpg
sub0170,sub0170_11,12,44,81,dfme_testA/sub0170_11/00012.png,dfme_testA/sub0170_11/00044.png,dfme_testA/sub0170_11/00081.png,optical_flow/dfme_testA/apex/dfme_testA_apex_00424.jpg
sub0170,sub0170_12,24,57,95,dfme_testA/sub0170_12/00024.png,dfme_testA/sub0170_12/00057.png,dfme_testA/sub0170_12/00095.png,optical_flow/dfme_testA/apex/dfme_testA_apex_00425.jpg
sub0170,sub0170_13,17,52,92,dfme_testA/sub0170_13/00017.png,dfme_testA/sub0170_13/00052.png,dfme_testA/sub0170_13/00092.png,optical_flow/dfme_testA/apex/dfme_testA_apex_00426.jpg
sub0170,sub0170_14,15,44,77,dfme_testA/sub0170_14/00015.png,dfme_testA/sub0170_14/00044.png,dfme_testA/sub0170_14/00077.png,optical_flow/dfme_testA/apex/dfme_testA_apex_00427.jpg
sub0170,sub0170_15,21,63,109,dfme_testA/sub0170_15/00021.png,dfme_testA/sub0170_15/00063.png,dfme_testA/sub0170_15/00109.png,optical_flow/dfme_testA/apex/dfme_testA_apex_00428.jpg
sub0174,sub0174_01,20,41,66,dfme_testA/sub0174_01/00020.png,dfme_testA/sub0174_01/00041.png,dfme_testA/sub0174_01/00066.png,optical_flow/dfme_testA/apex/dfme_testA_apex_00429.jpg
sub0174,sub0174_02,18,43,73,dfme_testA/sub0174_02/00018.png,dfme_testA/sub0174_02/00043.png,dfme_testA/sub0174_02/00073.png,optical_flow/dfme_testA/apex/dfme_testA_apex_00430.jpg
sub0174,sub0174_03,10,40,75,dfme_testA/sub0174_03/00010.png,dfme_testA/sub0174_03/00040.png,dfme_testA/sub0174_03/00075.png,optical_flow/dfme_testA/apex/dfme_testA_apex_00431.jpg
sub0174,sub0174_04,22,54,90,dfme_testA/sub0174_04/00022.png,dfme_testA/sub0174_04/00054.png,dfme_testA/sub0174_04/00090.png,optical_flow/dfme_testA/apex/dfme_testA_apex_00432.jpg
sub0174,sub0174_05,30,53,81,dfme_testA/sub0174_05/00030.png,dfme_testA/sub0174_05/00053.png,dfme_testA/sub0174_05/00081.png,optical_flow/dfme_testA/apex/dfme_testA_apex_00433.jpg
sub0174,sub0174_06,20,46,76,dfme_testA/sub0174_06/00020.png,dfme_testA/sub0174_06/00046.png,dfme_testA/sub0174_06/00076.png,optical_flow/dfme_testA/apex/dfme_testA_apex_00434.jpg
sub0174,sub0174_07,19,53,91,dfme_testA/sub0174_07/00019.png,dfme_testA/sub0174_07/00053.png,dfme_testA/sub0174_07/00091.png,optical_flow/dfme_testA/apex/dfme_testA_apex_00435.jpg
sub0174,sub0174_08,12,40,73,dfme_testA/sub0174_08/00012.png,dfme_testA/sub0174_08/00040.png,dfme_testA/sub0174_08/00073.png,optical_flow/dfme_testA/apex/dfme_testA_apex_00436.jpg
sub0174,sub0174_09,7,31,59,dfme_testA/sub0174_09/00007.png,dfme_testA/sub0174_09/00031.png,dfme_testA/sub0174_09/00059.png,optical_flow/dfme_testA/apex/dfme_testA_apex_00437.jpg
sub0174,sub0174_10,2,36,75,dfme_testA/sub0174_10/00002.png,dfme_testA/sub0174_10/00036.png,dfme_testA/sub0174_10/00075.png,optical_flow/dfme_testA/apex/dfme_testA_apex_00438.jpg
sub0174,sub0174_11,16,55,99,dfme_testA/sub0174_11/00016.png,dfme_testA/sub0174_11/00055.png,dfme_testA/sub0174_11/00099.png,optical_flow/dfme_testA/apex/dfme_testA_apex_00439.jpg
sub0174,sub0174_12,48,66,88,dfme_testA/sub0174_12/00048.png,dfme_testA/sub0174_12/00066.png,dfme_testA/sub0174_12/00088.png,optical_flow/dfme_testA/apex/dfme_testA_apex_00440.jpg
sub0174,sub0174_13,15,54,97,dfme_testA/sub0174_13/00015.png,dfme_testA/sub0174_13/00054.png,dfme_testA/sub0174_13/00097.png,optical_flow/dfme_testA/apex/dfme_testA_apex_00441.jpg
sub0174,sub0174_14,12,38,69,dfme_testA/sub0174_14/00012.png,dfme_testA/sub0174_14/00038.png,dfme_testA/sub0174_14/00069.png,optical_flow/dfme_testA/apex/dfme_testA_apex_00442.jpg
sub0191,sub0191_01,0,40,85,dfme_testA/sub0191_01/00000.png,dfme_testA/sub0191_01/00040.png,dfme_testA/sub0191_01/00085.png,optical_flow/dfme_testA/apex/dfme_testA_apex_00443.jpg
sub0191,sub0191_02,8,31,59,dfme_testA/sub0191_02/00008.png,dfme_testA/sub0191_02/00031.png,dfme_testA/sub0191_02/00059.png,optical_flow/dfme_testA/apex/dfme_testA_apex_00444.jpg
sub0191,sub0191_03,0,45,94,dfme_testA/sub0191_03/00000.png,dfme_testA/sub0191_03/00045.png,dfme_testA/sub0191_03/00094.png,optical_flow/dfme_testA/apex/dfme_testA_apex_00445.jpg
sub0191,sub0191_04,14,31,52,dfme_testA/sub0191_04/00014.png,dfme_testA/sub0191_04/00031.png,dfme_testA/sub0191_04/00052.png,optical_flow/dfme_testA/apex/dfme_testA_apex_00446.jpg
sub0191,sub0191_05,22,54,91,dfme_testA/sub0191_05/00022.png,dfme_testA/sub0191_05/00054.png,dfme_testA/sub0191_05/00091.png,optical_flow/dfme_testA/apex/dfme_testA_apex_00447.jpg
sub0191,sub0191_06,10,52,98,dfme_testA/sub0191_06/00010.png,dfme_testA/sub0191_06/00052.png,dfme_testA/sub0191_06/00098.png,optical_flow/dfme_testA/apex/dfme_testA_apex_00448.jpg
sub0191,sub0191_07,10,53,100,dfme_testA/sub0191_07/00010.png,dfme_testA/sub0191_07/00053.png,dfme_testA/sub0191_07/00100.png,optical_flow/dfme_testA/apex/dfme_testA_apex_00449.jpg
sub0191,sub0191_08,10,51,97,dfme_testA/sub0191_08/00010.png,dfme_testA/sub0191_08/00051.png,dfme_testA/sub0191_08/00097.png,optical_flow/dfme_testA/apex/dfme_testA_apex_00450.jpg
sub0191,sub0191_09,25,53,85,dfme_testA/sub0191_09/00025.png,dfme_testA/sub0191_09/00053.png,dfme_testA/sub0191_09/00085.png,optical_flow/dfme_testA/apex/dfme_testA_apex_00451.jpg
sub0191,sub0191_10,4,38,76,dfme_testA/sub0191_10/00004.png,dfme_testA/sub0191_10/00038.png,dfme_testA/sub0191_10/00076.png,optical_flow/dfme_testA/apex/dfme_testA_apex_00452.jpg
sub0191,sub0191_11,11,49,92,dfme_testA/sub0191_11/00011.png,dfme_testA/sub0191_11/00049.png,dfme_testA/sub0191_11/00092.png,optical_flow/dfme_testA/apex/dfme_testA_apex_00453.jpg
sub0191,sub0191_12,20,56,96,dfme_testA/sub0191_12/00020.png,dfme_testA/sub0191_12/00056.png,dfme_testA/sub0191_12/00096.png,optical_flow/dfme_testA/apex/dfme_testA_apex_00454.jpg
sub0191,sub0191_13,13,54,99,dfme_testA/sub0191_13/00013.png,dfme_testA/sub0191_13/00054.png,dfme_testA/sub0191_13/00099.png,optical_flow/dfme_testA/apex/dfme_testA_apex_00455.jpg
sub0191,sub0191_14,26,55,89,dfme_testA/sub0191_14/00026.png,dfme_testA/sub0191_14/00055.png,dfme_testA/sub0191_14/00089.png,optical_flow/dfme_testA/apex/dfme_testA_apex_00456.jpg
sub0191,sub0191_15,3,34,69,dfme_testA/sub0191_15/00003.png,dfme_testA/sub0191_15/00034.png,dfme_testA/sub0191_15/00069.png,optical_flow/dfme_testA/apex/dfme_testA_apex_00457.jpg
sub0191,sub0191_16,15,48,86,dfme_testA/sub0191_16/00015.png,dfme_testA/sub0191_16/00048.png,dfme_testA/sub0191_16/00086.png,optical_flow/dfme_testA/apex/dfme_testA_apex_00458.jpg
sub0192,sub0192_01,0,34,72,dfme_testA/sub0192_01/00000.png,dfme_testA/sub0192_01/00034.png,dfme_testA/sub0192_01/00072.png,optical_flow/dfme_testA/apex/dfme_testA_apex_00459.jpg
sub0192,sub0192_02,16,30,49,dfme_testA/sub0192_02/00016.png,dfme_testA/sub0192_02/00030.png,dfme_testA/sub0192_02/00049.png,optical_flow/dfme_testA/apex/dfme_testA_apex_00460.jpg
sub0192,sub0192_03,0,50,105,dfme_testA/sub0192_03/00000.png,dfme_testA/sub0192_03/00050.png,dfme_testA/sub0192_03/00105.png,optical_flow/dfme_testA/apex/dfme_testA_apex_00461.jpg
sub0195,sub0195_01,0,43,90,dfme_testA/sub0195_01/00000.png,dfme_testA/sub0195_01/00043.png,dfme_testA/sub0195_01/00090.png,optical_flow/dfme_testA/apex/dfme_testA_apex_00462.jpg
sub0195,sub0195_02,11,50,93,dfme_testA/sub0195_02/00011.png,dfme_testA/sub0195_02/00050.png,dfme_testA/sub0195_02/00093.png,optical_flow/dfme_testA/apex/dfme_testA_apex_00463.jpg
sub0195,sub0195_03,0,35,74,dfme_testA/sub0195_03/00000.png,dfme_testA/sub0195_03/00035.png,dfme_testA/sub0195_03/00074.png,optical_flow/dfme_testA/apex/dfme_testA_apex_00464.jpg
sub0199,sub0199_01,12,46,84,dfme_testA/sub0199_01/00012.png,dfme_testA/sub0199_01/00046.png,dfme_testA/sub0199_01/00084.png,optical_flow/dfme_testA/apex/dfme_testA_apex_00465.jpg
sub0199,sub0199_02,7,37,71,dfme_testA/sub0199_02/00007.png,dfme_testA/sub0199_02/00037.png,dfme_testA/sub0199_02/00071.png,optical_flow/dfme_testA/apex/dfme_testA_apex_00466.jpg
sub0199,sub0199_03,6,31,60,dfme_testA/sub0199_03/00006.png,dfme_testA/sub0199_03/00031.png,dfme_testA/sub0199_03/00060.png,optical_flow/dfme_testA/apex/dfme_testA_apex_00467.jpg
sub0199,sub0199_04,12,34,61,dfme_testA/sub0199_04/00012.png,dfme_testA/sub0199_04/00034.png,dfme_testA/sub0199_04/00061.png,optical_flow/dfme_testA/apex/dfme_testA_apex_00468.jpg
sub0199,sub0199_05,10,45,84,dfme_testA/sub0199_05/00010.png,dfme_testA/sub0199_05/00045.png,dfme_testA/sub0199_05/00084.png,optical_flow/dfme_testA/apex/dfme_testA_apex_00469.jpg
sub0199,sub0199_06,11,48,89,dfme_testA/sub0199_06/00011.png,dfme_testA/sub0199_06/00048.png,dfme_testA/sub0199_06/00089.png,optical_flow/dfme_testA/apex/dfme_testA_apex_00470.jpg
sub0199,sub0199_07,16,51,91,dfme_testA/sub0199_07/00016.png,dfme_testA/sub0199_07/00051.png,dfme_testA/sub0199_07/00091.png,optical_flow/dfme_testA/apex/dfme_testA_apex_00471.jpg
sub0199,sub0199_08,9,30,56,dfme_testA/sub0199_08/00009.png,dfme_testA/sub0199_08/00030.png,dfme_testA/sub0199_08/00056.png,optical_flow/dfme_testA/apex/dfme_testA_apex_00472.jpg
sub0199,sub0199_09,9,39,73,dfme_testA/sub0199_09/00009.png,dfme_testA/sub0199_09/00039.png,dfme_testA/sub0199_09/00073.png,optical_flow/dfme_testA/apex/dfme_testA_apex_00473.jpg
